autauga-county,al
baldwin-county,al
bibb-county,al
blount-county,al
bullock-county,al
butler-county,al
calhoun-county,al
chambers-county,al
cherokee-county,al
chilton-county,al
clay-county,al
cleburne-county,al
coffee-county,al
colbert-county,al
coosa-county,al
covington-county,al
crenshaw-county,al
cullman-county,al
dale-county,al
dallas-county,al
de-kalb-county,al
elmore-county,al
escambia-county,al
etowah-county,al
franklin-county,al
geneva-county,al
henry-county,al
houston-county,al
jackson-county,al
jefferson-county,al
lauderdale-county,al
lawrence-county,al
lee-county,al
limestone-county,al
lowndes-county,al
macon-county,al
madison-county,al
marion-county,al
marshall-county,al
mobile-county,al
montgomery-county,al
morgan-county,al
randolph-county,al
russell-county,al
saint-clair-county,al
shelby-county,al
talladega-county,al
tallapoosa-county,al
tuscaloosa-county,al
walker-county,al
winston-county,al
aleutians-east-county,ak
aleutians-west-county,ak
anchorage-county,ak
bethel-county,ak
bristol-bay-county,ak
denali-county,ak
dillingham-county,ak
fairbanks-north-star-county,ak
haines-county,ak
hoonah-angoon-county,ak
juneau-county,ak
kenai-peninsula-county,ak
ketchikan-gateway-county,ak
kodiak-island-county,ak
lake-and-peninsula-county,ak
matanuska-susitna-county,ak
nome-county,ak
north-slope-county,ak
northwest-arctic-county,ak
petersburg-census-area-county,ak
prince-of-wales-hyder-census-area-county,ak
sitka-county,ak
skagway-county,ak
southeast-fairbanks-county,ak
valdez-cordova-county,ak
wade-hampton-county,ak
wrangell-city-and-borough-county,ak
yakutat-county,ak
yukon-koyukuk-county,ak
apache-county,az
cochise-county,az
coconino-county,az
gila-county,az
graham-county,az
greenlee-county,az
la-paz-county,az
maricopa-county,az
mohave-county,az
navajo-county,az
pima-county,az
pinal-county,az
santa-cruz-county,az
yavapai-county,az
yuma-county,az
arkansas-county,ar
ashley-county,ar
baxter-county,ar
benton-county,ar
boone-county,ar
calhoun-county,ar
carroll-county,ar
clark-county,ar
cleburne-county,ar
columbia-county,ar
conway-county,ar
craighead-county,ar
crawford-county,ar
crittenden-county,ar
cross-county,ar
faulkner-county,ar
franklin-county,ar
garland-county,ar
grant-county,ar
greene-county,ar
hot-spring-county,ar
independence-county,ar
jefferson-county,ar
johnson-county,ar
lawrence-county,ar
logan-county,ar
lonoke-county,ar
madison-county,ar
marion-county,ar
miller-county,ar
mississippi-county,ar
monroe-county,ar
montgomery-county,ar
ouachita-county,ar
perry-county,ar
phillips-county,ar
pike-county,ar
poinsett-county,ar
pope-county,ar
pulaski-county,ar
saint-francis-county,ar
saline-county,ar
scott-county,ar
sebastian-county,ar
sharp-county,ar
stone-county,ar
union-county,ar
van-buren-county,ar
washington-county,ar
white-county,ar
yell-county,ar
alameda-county,ca
alpine-county,ca
butte-county,ca
calaveras-county,ca
contra-costa-county,ca
del-norte-county,ca
el-dorado-county,ca
fresno-county,ca
glenn-county,ca
humboldt-county,ca
imperial-county,ca
kern-county,ca
kings-county,ca
lake-county,ca
los-angeles-county,ca
madera-county,ca
marin-county,ca
mariposa-county,ca
mendocino-county,ca
merced-county,ca
mono-county,ca
monterey-county,ca
napa-county,ca
nevada-county,ca
orange-county,ca
placer-county,ca
plumas-county,ca
riverside-county,ca
sacramento-county,ca
san-benito-county,ca
san-bernardino-county,ca
san-diego-county,ca
san-francisco-county,ca
san-joaquin-county,ca
san-luis-obispo-county,ca
san-mateo-county,ca
santa-barbara-county,ca
santa-clara-county,ca
santa-cruz-county,ca
shasta-county,ca
siskiyou-county,ca
solano-county,ca
sonoma-county,ca
stanislaus-county,ca
sutter-county,ca
tehama-county,ca
tulare-county,ca
tuolumne-county,ca
ventura-county,ca
yolo-county,ca
yuba-county,ca
adams-county,co
alamosa-county,co
arapahoe-county,co
archuleta-county,co
boulder-county,co
broomfield-county,co
chaffee-county,co
clear-creek-county,co
conejos-county,co
costilla-county,co
custer-county,co
delta-county,co
denver-county,co
dolores-county,co
douglas-county,co
eagle-county,co
el-paso-county,co
elbert-county,co
fremont-county,co
garfield-county,co
gilpin-county,co
grand-county,co
gunnison-county,co
hinsdale-county,co
jefferson-county,co
kit-carson-county,co
la-plata-county,co
lake-county,co
larimer-county,co
lincoln-county,co
logan-county,co
mesa-county,co
mineral-county,co
moffat-county,co
montezuma-county,co
montrose-county,co
morgan-county,co
ouray-county,co
park-county,co
phillips-county,co
pitkin-county,co
pueblo-county,co
rio-grande-county,co
routt-county,co
saguache-county,co
san-juan-county,co
san-miguel-county,co
summit-county,co
teller-county,co
weld-county,co
yuma-county,co
fairfield-county,ct
hartford-county,ct
litchfield-county,ct
middlesex-county,ct
new-haven-county,ct
new-london-county,ct
tolland-county,ct
windham-county,ct
kent-county,de
new-castle-county,de
sussex-county,de
district-of-columbia-county,dc
alachua-county,fl
baker-county,fl
bay-county,fl
bradford-county,fl
brevard-county,fl
broward-county,fl
charlotte-county,fl
citrus-county,fl
clay-county,fl
collier-county,fl
columbia-county,fl
de-soto-county,fl
duval-county,fl
escambia-county,fl
flagler-county,fl
gilchrist-county,fl
gulf-county,fl
hernando-county,fl
highlands-county,fl
hillsborough-county,fl
indian-river-county,fl
lake-county,fl
lee-county,fl
leon-county,fl
levy-county,fl
manatee-county,fl
marion-county,fl
martin-county,fl
miami-dade-county,fl
monroe-county,fl
nassau-county,fl
okaloosa-county,fl
okeechobee-county,fl
orange-county,fl
osceola-county,fl
palm-beach-county,fl
pasco-county,fl
pinellas-county,fl
polk-county,fl
putnam-county,fl
saint-johns-county,fl
saint-lucie-county,fl
santa-rosa-county,fl
sarasota-county,fl
seminole-county,fl
sumter-county,fl
suwannee-county,fl
volusia-county,fl
wakulla-county,fl
walton-county,fl
washington-county,fl
barrow-county,ga
bartow-county,ga
bibb-county,ga
bulloch-county,ga
camden-county,ga
carroll-county,ga
catoosa-county,ga
chatham-county,ga
cherokee-county,ga
clarke-county,ga
clayton-county,ga
cobb-county,ga
coweta-county,ga
dawson-county,ga
dekalb-county,ga
dougherty-county,ga
douglas-county,ga
effingham-county,ga
fannin-county,ga
fayette-county,ga
floyd-county,ga
forsyth-county,ga
franklin-county,ga
fulton-county,ga
gilmer-county,ga
greene-county,ga
gwinnett-county,ga
habersham-county,ga
hall-county,ga
hart-county,ga
henry-county,ga
houston-county,ga
jackson-county,ga
lowndes-county,ga
lumpkin-county,ga
muscogee-county,ga
newton-county,ga
oconee-county,ga
paulding-county,ga
pickens-county,ga
putnam-county,ga
rabun-county,ga
rockdale-county,ga
spalding-county,ga
towns-county,ga
troup-county,ga
union-county,ga
walker-county,ga
walton-county,ga
white-county,ga
whitfield-county,ga
hawaii-county,hi
honolulu-county,hi
kalawao-county,hi
kauai-county,hi
maui-county,hi
ada-county,id
adams-county,id
bannock-county,id
bear-lake-county,id
benewah-county,id
bingham-county,id
blaine-county,id
boise-county,id
bonner-county,id
bonneville-county,id
boundary-county,id
butte-county,id
camas-county,id
canyon-county,id
caribou-county,id
cassia-county,id
clark-county,id
clearwater-county,id
custer-county,id
elmore-county,id
franklin-county,id
fremont-county,id
gem-county,id
gooding-county,id
idaho-county,id
jefferson-county,id
jerome-county,id
kootenai-county,id
latah-county,id
lemhi-county,id
lewis-county,id
lincoln-county,id
madison-county,id
minidoka-county,id
nez-perce-county,id
oneida-county,id
owyhee-county,id
payette-county,id
power-county,id
shoshone-county,id
teton-county,id
twin-falls-county,id
valley-county,id
washington-county,id
bond-county,il
boone-county,il
carroll-county,il
champaign-county,il
clay-county,il
clinton-county,il
coles-county,il
cook-county,il
de-kalb-county,il
douglas-county,il
du-page-county,il
fayette-county,il
ford-county,il
franklin-county,il
grundy-county,il
iroquois-county,il
jackson-county,il
jefferson-county,il
jo-daviess-county,il
johnson-county,il
kane-county,il
kankakee-county,il
kendall-county,il
la-salle-county,il
lake-county,il
lee-county,il
macoupin-county,il
madison-county,il
marion-county,il
marshall-county,il
massac-county,il
mchenry-county,il
mclean-county,il
monroe-county,il
montgomery-county,il
morgan-county,il
ogle-county,il
peoria-county,il
perry-county,il
piatt-county,il
rock-island-county,il
saint-clair-county,il
saline-county,il
sangamon-county,il
stephenson-county,il
tazewell-county,il
union-county,il
whiteside-county,il
will-county,il
williamson-county,il
winnebago-county,il
allen-county,in
boone-county,in
brown-county,in
clark-county,in
clay-county,in
crawford-county,in
de-kalb-county,in
delaware-county,in
elkhart-county,in
floyd-county,in
hamilton-county,in
hancock-county,in
harrison-county,in
hendricks-county,in
henry-county,in
huntington-county,in
jasper-county,in
johnson-county,in
kosciusko-county,in
la-porte-county,in
lagrange-county,in
lake-county,in
lawrence-county,in
madison-county,in
marion-county,in
monroe-county,in
montgomery-county,in
morgan-county,in
newton-county,in
noble-county,in
orange-county,in
owen-county,in
porter-county,in
posey-county,in
putnam-county,in
rush-county,in
scott-county,in
shelby-county,in
st-joseph-county,in
starke-county,in
steuben-county,in
sullivan-county,in
tippecanoe-county,in
vanderburgh-county,in
vigo-county,in
warrick-county,in
washington-county,in
wayne-county,in
wells-county,in
white-county,in
whitley-county,in
allamakee-county,ia
appanoose-county,ia
benton-county,ia
black-hawk-county,ia
boone-county,ia
buchanan-county,ia
buena-vista-county,ia
carroll-county,ia
cass-county,ia
cedar-county,ia
cerro-gordo-county,ia
cherokee-county,ia
chickasaw-county,ia
clay-county,ia
clayton-county,ia
clinton-county,ia
crawford-county,ia
dallas-county,ia
delaware-county,ia
fayette-county,ia
floyd-county,ia
guthrie-county,ia
hamilton-county,ia
hancock-county,ia
hardin-county,ia
henry-county,ia
jackson-county,ia
jasper-county,ia
jefferson-county,ia
johnson-county,ia
lee-county,ia
linn-county,ia
madison-county,ia
mahaska-county,ia
marion-county,ia
marshall-county,ia
mills-county,ia
mitchell-county,ia
page-county,ia
polk-county,ia
pottawattamie-county,ia
poweshiek-county,ia
scott-county,ia
story-county,ia
tama-county,ia
union-county,ia
wapello-county,ia
warren-county,ia
washington-county,ia
winnebago-county,ia
winneshiek-county,ia
allen-county,ks
anderson-county,ks
atchison-county,ks
barber-county,ks
bourbon-county,ks
brown-county,ks
butler-county,ks
cherokee-county,ks
clay-county,ks
cloud-county,ks
coffey-county,ks
cowley-county,ks
crawford-county,ks
dickinson-county,ks
doniphan-county,ks
douglas-county,ks
ellsworth-county,ks
finney-county,ks
ford-county,ks
franklin-county,ks
geary-county,ks
gray-county,ks
harper-county,ks
harvey-county,ks
jackson-county,ks
jefferson-county,ks
johnson-county,ks
kearny-county,ks
kingman-county,ks
labette-county,ks
leavenworth-county,ks
linn-county,ks
lyon-county,ks
marion-county,ks
mcpherson-county,ks
miami-county,ks
neosho-county,ks
osage-county,ks
ottawa-county,ks
pottawatomie-county,ks
pratt-county,ks
reno-county,ks
rice-county,ks
riley-county,ks
russell-county,ks
saline-county,ks
sedgwick-county,ks
shawnee-county,ks
sumner-county,ks
wabaunsee-county,ks
wyandotte-county,ks
allen-county,ky
anderson-county,ky
barren-county,ky
boone-county,ky
bourbon-county,ky
bullitt-county,ky
calloway-county,ky
campbell-county,ky
christian-county,ky
clark-county,ky
estill-county,ky
fayette-county,ky
franklin-county,ky
garrard-county,ky
grant-county,ky
graves-county,ky
grayson-county,ky
hardin-county,ky
harrison-county,ky
hart-county,ky
henderson-county,ky
henry-county,ky
jefferson-county,ky
jessamine-county,ky
kenton-county,ky
larue-county,ky
laurel-county,ky
livingston-county,ky
logan-county,ky
lyon-county,ky
madison-county,ky
marshall-county,ky
mccracken-county,ky
meade-county,ky
mercer-county,ky
nelson-county,ky
oldham-county,ky
owen-county,ky
pendleton-county,ky
pulaski-county,ky
russell-county,ky
scott-county,ky
shelby-county,ky
simpson-county,ky
spencer-county,ky
taylor-county,ky
trigg-county,ky
warren-county,ky
wayne-county,ky
whitley-county,ky
woodford-county,ky
acadia-county,la
allen-county,la
ascension-county,la
assumption-county,la
avoyelles-county,la
beauregard-county,la
bienville-county,la
bossier-county,la
caddo-county,la
calcasieu-county,la
caldwell-county,la
concordia-county,la
de-soto-county,la
east-baton-rouge-county,la
evangeline-county,la
grant-county,la
iberia-county,la
iberville-county,la
jackson-county,la
jefferson-county,la
jefferson-davis-county,la
lafayette-county,la
lafourche-county,la
lincoln-county,la
livingston-county,la
morehouse-county,la
natchitoches-county,la
orleans-county,la
ouachita-county,la
plaquemines-county,la
pointe-coupee-county,la
rapides-county,la
sabine-county,la
saint-bernard-county,la
saint-charles-county,la
saint-helena-county,la
saint-james-county,la
saint-landry-county,la
saint-martin-county,la
saint-mary-county,la
saint-tammany-county,la
st-john-the-baptist-county,la
tangipahoa-county,la
terrebonne-county,la
union-county,la
vermilion-county,la
vernon-county,la
washington-county,la
webster-county,la
west-baton-rouge-county,la
west-feliciana-county,la
androscoggin-county,me
aroostook-county,me
cumberland-county,me
franklin-county,me
hancock-county,me
kennebec-county,me
knox-county,me
lincoln-county,me
oxford-county,me
penobscot-county,me
piscataquis-county,me
sagadahoc-county,me
somerset-county,me
waldo-county,me
washington-county,me
york-county,me
allegany-county,md
anne-arundel-county,md
baltimore-city-county,md
baltimore-county,md
calvert-county,md
caroline-county,md
carroll-county,md
cecil-county,md
charles-county,md
dorchester-county,md
frederick-county,md
garrett-county,md
harford-county,md
howard-county,md
kent-county,md
montgomery-county,md
prince-george's-county,md
saint-marys-county,md
somerset-county,md
talbot-county,md
washington-county,md
wicomico-county,md
worcester-county,md
barnstable-county,ma
berkshire-county,ma
bristol-county,ma
dukes-county,ma
essex-county,ma
franklin-county,ma
hampden-county,ma
hampshire-county,ma
middlesex-county,ma
nantucket-county,ma
norfolk-county,ma
plymouth-county,ma
suffolk-county,ma
worcester-county,ma
allegan-county,mi
alpena-county,mi
antrim-county,mi
barry-county,mi
benzie-county,mi
berrien-county,mi
calhoun-county,mi
cass-county,mi
charlevoix-county,mi
cheboygan-county,mi
clare-county,mi
delta-county,mi
eaton-county,mi
emmet-county,mi
genesee-county,mi
gladwin-county,mi
grand-traverse-county,mi
houghton-county,mi
ingham-county,mi
ionia-county,mi
iosco-county,mi
jackson-county,mi
kalamazoo-county,mi
kalkaska-county,mi
kent-county,mi
lapeer-county,mi
leelanau-county,mi
lenawee-county,mi
livingston-county,mi
macomb-county,mi
marquette-county,mi
mason-county,mi
mecosta-county,mi
monroe-county,mi
montcalm-county,mi
montmorency-county,mi
muskegon-county,mi
newaygo-county,mi
oakland-county,mi
ogemaw-county,mi
otsego-county,mi
ottawa-county,mi
presque-isle-county,mi
roscommon-county,mi
saginaw-county,mi
saint-clair-county,mi
saint-joseph-county,mi
van-buren-county,mi
washtenaw-county,mi
wayne-county,mi
wexford-county,mi
aitkin-county,mn
anoka-county,mn
becker-county,mn
beltrami-county,mn
benton-county,mn
blue-earth-county,mn
brown-county,mn
carlton-county,mn
carver-county,mn
cass-county,mn
chisago-county,mn
clay-county,mn
cook-county,mn
cottonwood-county,mn
crow-wing-county,mn
dakota-county,mn
fillmore-county,mn
freeborn-county,mn
goodhue-county,mn
hennepin-county,mn
houston-county,mn
hubbard-county,mn
isanti-county,mn
kandiyohi-county,mn
le-sueur-county,mn
lyon-county,mn
martin-county,mn
mcleod-county,mn
mille-lacs-county,mn
morrison-county,mn
mower-county,mn
nicollet-county,mn
olmsted-county,mn
otter-tail-county,mn
pine-county,mn
ramsey-county,mn
redwood-county,mn
rice-county,mn
rock-county,mn
saint-louis-county,mn
scott-county,mn
sherburne-county,mn
stearns-county,mn
steele-county,mn
todd-county,mn
wabasha-county,mn
wadena-county,mn
waseca-county,mn
washington-county,mn
winona-county,mn
wright-county,mn
adams-county,ms
alcorn-county,ms
amite-county,ms
attala-county,ms
benton-county,ms
chickasaw-county,ms
copiah-county,ms
covington-county,ms
de-soto-county,ms
forrest-county,ms
franklin-county,ms
george-county,ms
greene-county,ms
hancock-county,ms
harrison-county,ms
hinds-county,ms
holmes-county,ms
itawamba-county,ms
jackson-county,ms
jefferson-davis-county,ms
jones-county,ms
lafayette-county,ms
lamar-county,ms
lawrence-county,ms
leake-county,ms
lee-county,ms
lincoln-county,ms
lowndes-county,ms
madison-county,ms
marion-county,ms
marshall-county,ms
monroe-county,ms
oktibbeha-county,ms
panola-county,ms
pearl-river-county,ms
pike-county,ms
pontotoc-county,ms
prentiss-county,ms
rankin-county,ms
scott-county,ms
simpson-county,ms
stone-county,ms
tate-county,ms
tippah-county,ms
tishomingo-county,ms
union-county,ms
walthall-county,ms
warren-county,ms
wilkinson-county,ms
yalobusha-county,ms
yazoo-county,ms
barry-county,mo
benton-county,mo
boone-county,mo
buchanan-county,mo
butler-county,mo
camden-county,mo
cape-girardeau-county,mo
cass-county,mo
christian-county,mo
clay-county,mo
clinton-county,mo
cole-county,mo
cooper-county,mo
crawford-county,mo
dent-county,mo
franklin-county,mo
greene-county,mo
henry-county,mo
jackson-county,mo
jasper-county,mo
jefferson-county,mo
johnson-county,mo
laclede-county,mo
lafayette-county,mo
lawrence-county,mo
lincoln-county,mo
marion-county,mo
mcdonald-county,mo
miller-county,mo
morgan-county,mo
newton-county,mo
perry-county,mo
pettis-county,mo
phelps-county,mo
platte-county,mo
pulaski-county,mo
randolph-county,mo
ray-county,mo
saint-charles-county,mo
saint-francois-county,mo
saint-louis-city-county,mo
saint-louis-county,mo
sainte-genevieve-county,mo
saline-county,mo
scott-county,mo
stoddard-county,mo
stone-county,mo
taney-county,mo
texas-county,mo
warren-county,mo
webster-county,mo
beaverhead-county,mt
big-horn-county,mt
blaine-county,mt
broadwater-county,mt
carbon-county,mt
carter-county,mt
cascade-county,mt
chouteau-county,mt
custer-county,mt
daniels-county,mt
dawson-county,mt
deer-lodge-county,mt
fallon-county,mt
fergus-county,mt
flathead-county,mt
gallatin-county,mt
garfield-county,mt
glacier-county,mt
golden-valley-county,mt
granite-county,mt
hill-county,mt
jefferson-county,mt
judith-basin-county,mt
lake-county,mt
lewis-and-clark-county,mt
liberty-county,mt
lincoln-county,mt
madison-county,mt
mccone-county,mt
meagher-county,mt
mineral-county,mt
missoula-county,mt
musselshell-county,mt
park-county,mt
petroleum-county,mt
phillips-county,mt
pondera-county,mt
powder-river-county,mt
powell-county,mt
prairie-county,mt
ravalli-county,mt
richland-county,mt
rosebud-county,mt
sanders-county,mt
silver-bow-county,mt
stillwater-county,mt
sweet-grass-county,mt
teton-county,mt
toole-county,mt
wheatland-county,mt
yellowstone-county,mt
adams-county,ne
antelope-county,ne
arthur-county,ne
banner-county,ne
blaine-county,ne
boone-county,ne
box-butte-county,ne
boyd-county,ne
brown-county,ne
buffalo-county,ne
burt-county,ne
butler-county,ne
cass-county,ne
cedar-county,ne
chase-county,ne
cherry-county,ne
cheyenne-county,ne
clay-county,ne
colfax-county,ne
cuming-county,ne
custer-county,ne
dawes-county,ne
deuel-county,ne
dodge-county,ne
douglas-county,ne
furnas-county,ne
gage-county,ne
hall-county,ne
harlan-county,ne
jefferson-county,ne
johnson-county,ne
knox-county,ne
lancaster-county,ne
madison-county,ne
morrill-county,ne
nemaha-county,ne
otoe-county,ne
phelps-county,ne
pierce-county,ne
richardson-county,ne
saline-county,ne
sarpy-county,ne
saunders-county,ne
scotts-bluff-county,ne
seward-county,ne
stanton-county,ne
thurston-county,ne
washington-county,ne
wayne-county,ne
webster-county,ne
york-county,ne
carson-city-county,nv
churchill-county,nv
clark-county,nv
douglas-county,nv
elko-county,nv
esmeralda-county,nv
eureka-county,nv
humboldt-county,nv
lander-county,nv
lincoln-county,nv
lyon-county,nv
mineral-county,nv
nye-county,nv
pershing-county,nv
storey-county,nv
washoe-county,nv
white-pine-county,nv
belknap-county,nh
carroll-county,nh
cheshire-county,nh
coos-county,nh
grafton-county,nh
hillsborough-county,nh
merrimack-county,nh
rockingham-county,nh
strafford-county,nh
sullivan-county,nh
atlantic-county,nj
bergen-county,nj
burlington-county,nj
camden-county,nj
cape-may-county,nj
cumberland-county,nj
essex-county,nj
gloucester-county,nj
hudson-county,nj
hunterdon-county,nj
mercer-county,nj
middlesex-county,nj
monmouth-county,nj
morris-county,nj
ocean-county,nj
passaic-county,nj
salem-county,nj
somerset-county,nj
sussex-county,nj
union-county,nj
warren-county,nj
bernalillo-county,nm
catron-county,nm
chaves-county,nm
cibola-county,nm
colfax-county,nm
curry-county,nm
de-baca-county,nm
dona-ana-county,nm
eddy-county,nm
grant-county,nm
guadalupe-county,nm
harding-county,nm
hidalgo-county,nm
lea-county,nm
lincoln-county,nm
los-alamos-county,nm
luna-county,nm
mckinley-county,nm
mora-county,nm
otero-county,nm
quay-county,nm
rio-arriba-county,nm
roosevelt-county,nm
san-juan-county,nm
san-miguel-county,nm
sandoval-county,nm
santa-fe-county,nm
sierra-county,nm
socorro-county,nm
taos-county,nm
torrance-county,nm
union-county,nm
valencia-county,nm
albany-county,ny
bronx-county,ny
broome-county,ny
cattaraugus-county,ny
cayuga-county,ny
chautauqua-county,ny
chemung-county,ny
columbia-county,ny
cortland-county,ny
delaware-county,ny
dutchess-county,ny
erie-county,ny
essex-county,ny
fulton-county,ny
greene-county,ny
herkimer-county,ny
jefferson-county,ny
kings-county,ny
livingston-county,ny
madison-county,ny
monroe-county,ny
montgomery-county,ny
nassau-county,ny
new-york-county,ny
niagara-county,ny
oneida-county,ny
onondaga-county,ny
ontario-county,ny
orange-county,ny
orleans-county,ny
oswego-county,ny
putnam-county,ny
queens-county,ny
rensselaer-county,ny
richmond-county,ny
rockland-county,ny
saratoga-county,ny
schenectady-county,ny
schoharie-county,ny
seneca-county,ny
steuben-county,ny
suffolk-county,ny
sullivan-county,ny
tioga-county,ny
tompkins-county,ny
ulster-county,ny
warren-county,ny
washington-county,ny
wayne-county,ny
westchester-county,ny
yates-county,ny
alamance-county,nc
beaufort-county,nc
brunswick-county,nc
buncombe-county,nc
burke-county,nc
cabarrus-county,nc
caldwell-county,nc
carteret-county,nc
catawba-county,nc
chatham-county,nc
cherokee-county,nc
cleveland-county,nc
craven-county,nc
cumberland-county,nc
currituck-county,nc
dare-county,nc
davidson-county,nc
durham-county,nc
forsyth-county,nc
franklin-county,nc
gaston-county,nc
guilford-county,nc
harnett-county,nc
haywood-county,nc
henderson-county,nc
iredell-county,nc
jackson-county,nc
johnston-county,nc
lee-county,nc
lincoln-county,nc
macon-county,nc
madison-county,nc
mcdowell-county,nc
mecklenburg-county,nc
moore-county,nc
nash-county,nc
onslow-county,nc
orange-county,nc
pamlico-county,nc
pasquotank-county,nc
person-county,nc
pitt-county,nc
polk-county,nc
rockingham-county,nc
rowan-county,nc
rutherford-county,nc
stanly-county,nc
transylvania-county,nc
union-county,nc
wake-county,nc
watauga-county,nc
adams-county,nd
barnes-county,nd
benson-county,nd
billings-county,nd
bottineau-county,nd
bowman-county,nd
burke-county,nd
burleigh-county,nd
cass-county,nd
cavalier-county,nd
dickey-county,nd
divide-county,nd
dunn-county,nd
eddy-county,nd
emmons-county,nd
foster-county,nd
golden-valley-county,nd
grand-forks-county,nd
grant-county,nd
griggs-county,nd
hettinger-county,nd
kidder-county,nd
lamoure-county,nd
logan-county,nd
mchenry-county,nd
mcintosh-county,nd
mckenzie-county,nd
mclean-county,nd
mercer-county,nd
morton-county,nd
mountrail-county,nd
nelson-county,nd
oliver-county,nd
pembina-county,nd
pierce-county,nd
ramsey-county,nd
ransom-county,nd
renville-county,nd
richland-county,nd
rolette-county,nd
sargent-county,nd
sheridan-county,nd
sioux-county,nd
slope-county,nd
stark-county,nd
steele-county,nd
stutsman-county,nd
towner-county,nd
traill-county,nd
ward-county,nd
wells-county,nd
allen-county,oh
ashland-county,oh
ashtabula-county,oh
brown-county,oh
butler-county,oh
carroll-county,oh
champaign-county,oh
clark-county,oh
clermont-county,oh
clinton-county,oh
columbiana-county,oh
coshocton-county,oh
cuyahoga-county,oh
darke-county,oh
delaware-county,oh
erie-county,oh
fairfield-county,oh
fayette-county,oh
franklin-county,oh
geauga-county,oh
guernsey-county,oh
hamilton-county,oh
hancock-county,oh
hardin-county,oh
highland-county,oh
holmes-county,oh
knox-county,oh
logan-county,oh
lorain-county,oh
madison-county,oh
mahoning-county,oh
medina-county,oh
miami-county,oh
montgomery-county,oh
morrow-county,oh
muskingum-county,oh
ottawa-county,oh
perry-county,oh
pickaway-county,oh
portage-county,oh
preble-county,oh
putnam-county,oh
ross-county,oh
shelby-county,oh
stark-county,oh
summit-county,oh
trumbull-county,oh
tuscarawas-county,oh
union-county,oh
warren-county,oh
wayne-county,oh
adair-county,ok
atoka-county,ok
beckham-county,ok
bryan-county,ok
caddo-county,ok
canadian-county,ok
cherokee-county,ok
choctaw-county,ok
cleveland-county,ok
comanche-county,ok
cotton-county,ok
craig-county,ok
creek-county,ok
custer-county,ok
delaware-county,ok
garfield-county,ok
garvin-county,ok
grady-county,ok
greer-county,ok
haskell-county,ok
hughes-county,ok
jackson-county,ok
kingfisher-county,ok
kiowa-county,ok
le-flore-county,ok
lincoln-county,ok
logan-county,ok
marshall-county,ok
mayes-county,ok
mcclain-county,ok
mcintosh-county,ok
muskogee-county,ok
nowata-county,ok
okfuskee-county,ok
oklahoma-county,ok
okmulgee-county,ok
osage-county,ok
ottawa-county,ok
pawnee-county,ok
payne-county,ok
pittsburg-county,ok
pottawatomie-county,ok
pushmataha-county,ok
rogers-county,ok
seminole-county,ok
sequoyah-county,ok
tillman-county,ok
tulsa-county,ok
wagoner-county,ok
washington-county,ok
washita-county,ok
baker-county,or
benton-county,or
clackamas-county,or
clatsop-county,or
columbia-county,or
coos-county,or
crook-county,or
curry-county,or
deschutes-county,or
douglas-county,or
gilliam-county,or
grant-county,or
harney-county,or
hood-river-county,or
jackson-county,or
jefferson-county,or
josephine-county,or
klamath-county,or
lake-county,or
lane-county,or
lincoln-county,or
linn-county,or
malheur-county,or
marion-county,or
morrow-county,or
multnomah-county,or
polk-county,or
sherman-county,or
tillamook-county,or
umatilla-county,or
union-county,or
wallowa-county,or
wasco-county,or
washington-county,or
wheeler-county,or
yamhill-county,or
adams-county,pa
allegheny-county,pa
beaver-county,pa
bedford-county,pa
berks-county,pa
blair-county,pa
bradford-county,pa
bucks-county,pa
butler-county,pa
cambria-county,pa
carbon-county,pa
centre-county,pa
chester-county,pa
clearfield-county,pa
crawford-county,pa
cumberland-county,pa
dauphin-county,pa
delaware-county,pa
erie-county,pa
fayette-county,pa
franklin-county,pa
fulton-county,pa
huntingdon-county,pa
indiana-county,pa
juniata-county,pa
lackawanna-county,pa
lancaster-county,pa
lawrence-county,pa
lebanon-county,pa
lehigh-county,pa
luzerne-county,pa
lycoming-county,pa
mercer-county,pa
mifflin-county,pa
monroe-county,pa
montgomery-county,pa
northampton-county,pa
northumberland-county,pa
perry-county,pa
philadelphia-county,pa
pike-county,pa
schuylkill-county,pa
sullivan-county,pa
susquehanna-county,pa
tioga-county,pa
warren-county,pa
washington-county,pa
wayne-county,pa
westmoreland-county,pa
wyoming-county,pa
york-county,pa
bristol-county,ri
kent-county,ri
newport-county,ri
providence-county,ri
washington-county,ri
abbeville-county,sc
aiken-county,sc
allendale-county,sc
anderson-county,sc
bamberg-county,sc
barnwell-county,sc
beaufort-county,sc
berkeley-county,sc
calhoun-county,sc
charleston-county,sc
cherokee-county,sc
chester-county,sc
chesterfield-county,sc
clarendon-county,sc
colleton-county,sc
darlington-county,sc
dillon-county,sc
dorchester-county,sc
edgefield-county,sc
fairfield-county,sc
florence-county,sc
georgetown-county,sc
greenville-county,sc
greenwood-county,sc
hampton-county,sc
horry-county,sc
jasper-county,sc
kershaw-county,sc
lancaster-county,sc
laurens-county,sc
lee-county,sc
lexington-county,sc
marion-county,sc
marlboro-county,sc
mccormick-county,sc
newberry-county,sc
oconee-county,sc
orangeburg-county,sc
pickens-county,sc
richland-county,sc
saluda-county,sc
spartanburg-county,sc
sumter-county,sc
union-county,sc
williamsburg-county,sc
york-county,sc
aurora-county,sd
beadle-county,sd
bennett-county,sd
bon-homme-county,sd
brookings-county,sd
brown-county,sd
brule-county,sd
buffalo-county,sd
butte-county,sd
campbell-county,sd
charles-mix-county,sd
clark-county,sd
clay-county,sd
codington-county,sd
corson-county,sd
custer-county,sd
davison-county,sd
day-county,sd
deuel-county,sd
dewey-county,sd
douglas-county,sd
edmunds-county,sd
fall-river-county,sd
faulk-county,sd
grant-county,sd
gregory-county,sd
haakon-county,sd
hamlin-county,sd
hand-county,sd
hanson-county,sd
harding-county,sd
hughes-county,sd
hutchinson-county,sd
hyde-county,sd
jackson-county,sd
jerauld-county,sd
jones-county,sd
kingsbury-county,sd
lake-county,sd
lawrence-county,sd
lincoln-county,sd
lyman-county,sd
marshall-county,sd
mccook-county,sd
minnehaha-county,sd
moody-county,sd
potter-county,sd
roberts-county,sd
turner-county,sd
union-county,sd
yankton-county,sd
anderson-county,tn
bledsoe-county,tn
blount-county,tn
bradley-county,tn
campbell-county,tn
carter-county,tn
cheatham-county,tn
claiborne-county,tn
cocke-county,tn
coffee-county,tn
cumberland-county,tn
decatur-county,tn
dekalb-county,tn
dickson-county,tn
fayette-county,tn
fentress-county,tn
gibson-county,tn
giles-county,tn
grainger-county,tn
greene-county,tn
hamblen-county,tn
hamilton-county,tn
hardin-county,tn
hawkins-county,tn
henderson-county,tn
jefferson-county,tn
johnson-county,tn
knox-county,tn
lawrence-county,tn
lincoln-county,tn
loudon-county,tn
madison-county,tn
marshall-county,tn
mcminn-county,tn
mcnairy-county,tn
meigs-county,tn
monroe-county,tn
montgomery-county,tn
polk-county,tn
putnam-county,tn
rhea-county,tn
roane-county,tn
robertson-county,tn
rutherford-county,tn
sequatchie-county,tn
sevier-county,tn
shelby-county,tn
sullivan-county,tn
tipton-county,tn
union-county,tn
washington-county,tn
aransas-county,tx
bastrop-county,tx
bell-county,tx
bexar-county,tx
brazoria-county,tx
brazos-county,tx
burnet-county,tx
cameron-county,tx
collin-county,tx
comal-county,tx
dallas-county,tx
denton-county,tx
el-paso-county,tx
ellis-county,tx
fort-bend-county,tx
galveston-county,tx
grayson-county,tx
gregg-county,tx
guadalupe-county,tx
hardin-county,tx
harris-county,tx
harrison-county,tx
hays-county,tx
henderson-county,tx
hidalgo-county,tx
hood-county,tx
hunt-county,tx
jefferson-county,tx
johnson-county,tx
kaufman-county,tx
kendall-county,tx
kerr-county,tx
llano-county,tx
lubbock-county,tx
mclennan-county,tx
montgomery-county,tx
navarro-county,tx
nueces-county,tx
orange-county,tx
parker-county,tx
potter-county,tx
randall-county,tx
rockwall-county,tx
san-patricio-county,tx
smith-county,tx
tarrant-county,tx
taylor-county,tx
tom-green-county,tx
travis-county,tx
walker-county,tx
williamson-county,tx
beaver-county,ut
box-elder-county,ut
cache-county,ut
carbon-county,ut
daggett-county,ut
davis-county,ut
duchesne-county,ut
emery-county,ut
garfield-county,ut
grand-county,ut
iron-county,ut
juab-county,ut
kane-county,ut
millard-county,ut
morgan-county,ut
piute-county,ut
rich-county,ut
salt-lake-county,ut
san-juan-county,ut
sanpete-county,ut
sevier-county,ut
summit-county,ut
tooele-county,ut
uintah-county,ut
utah-county,ut
wasatch-county,ut
washington-county,ut
wayne-county,ut
weber-county,ut
addison-county,vt
bennington-county,vt
caledonia-county,vt
chittenden-county,vt
essex-county,vt
franklin-county,vt
grand-isle-county,vt
lamoille-county,vt
orange-county,vt
orleans-county,vt
rutland-county,vt
washington-county,vt
windham-county,vt
windsor-county,vt
albemarle-county,va
alexandria-city-county,va
amherst-county,va
arlington-county,va
bedford-county,va
caroline-county,va
charlottesville-city-county,va
chesapeake-city-county,va
chesterfield-county,va
culpeper-county,va
fairfax-county,va
fauquier-county,va
fluvanna-county,va
franklin-county,va
frederick-county,va
gloucester-county,va
goochland-county,va
halifax-county,va
hampton-city-county,va
hanover-county,va
henrico-county,va
hopewell-city-county,va
isle-of-wight-county,va
james-city-county,va
king-william-county,va
loudoun-county,va
louisa-county,va
lynchburg-city-county,va
mecklenburg-county,va
montgomery-county,va
nelson-county,va
new-kent-county,va
newport-news-city-county,va
norfolk-city-county,va
orange-county,va
petersburg-city-county,va
portsmouth-city-county,va
powhatan-county,va
prince-william-county,va
richmond-city-county,va
roanoke-city-county,va
roanoke-county,va
shenandoah-county,va
spotsylvania-county,va
stafford-county,va
staunton-city-county,va
suffolk-city-county,va
virginia-beach-city-county,va
warren-county,va
washington-county,va
york-county,va
adams-county,wa
asotin-county,wa
benton-county,wa
chelan-county,wa
clallam-county,wa
clark-county,wa
columbia-county,wa
cowlitz-county,wa
douglas-county,wa
ferry-county,wa
franklin-county,wa
garfield-county,wa
grant-county,wa
grays-harbor-county,wa
island-county,wa
jefferson-county,wa
king-county,wa
kitsap-county,wa
kittitas-county,wa
klickitat-county,wa
lewis-county,wa
lincoln-county,wa
mason-county,wa
okanogan-county,wa
pacific-county,wa
pend-oreille-county,wa
pierce-county,wa
san-juan-county,wa
skagit-county,wa
skamania-county,wa
snohomish-county,wa
spokane-county,wa
stevens-county,wa
thurston-county,wa
wahkiakum-county,wa
walla-walla-county,wa
whatcom-county,wa
whitman-county,wa
yakima-county,wa
barbour-county,wv
berkeley-county,wv
boone-county,wv
braxton-county,wv
brooke-county,wv
cabell-county,wv
calhoun-county,wv
clay-county,wv
doddridge-county,wv
fayette-county,wv
gilmer-county,wv
grant-county,wv
greenbrier-county,wv
hampshire-county,wv
hancock-county,wv
hardy-county,wv
harrison-county,wv
jackson-county,wv
jefferson-county,wv
kanawha-county,wv
lewis-county,wv
lincoln-county,wv
logan-county,wv
marion-county,wv
mason-county,wv
mcdowell-county,wv
mercer-county,wv
mineral-county,wv
mingo-county,wv
monongalia-county,wv
monroe-county,wv
morgan-county,wv
nicholas-county,wv
pendleton-county,wv
pocahontas-county,wv
preston-county,wv
putnam-county,wv
raleigh-county,wv
randolph-county,wv
ritchie-county,wv
roane-county,wv
summers-county,wv
taylor-county,wv
tucker-county,wv
upshur-county,wv
wayne-county,wv
webster-county,wv
wetzel-county,wv
wirt-county,wv
wood-county,wv
wyoming-county,wv
adams-county,wi
ashland-county,wi
barron-county,wi
bayfield-county,wi
brown-county,wi
burnett-county,wi
chippewa-county,wi
columbia-county,wi
dane-county,wi
dodge-county,wi
door-county,wi
douglas-county,wi
dunn-county,wi
eau-claire-county,wi
fond-du-lac-county,wi
grant-county,wi
green-county,wi
iowa-county,wi
jefferson-county,wi
juneau-county,wi
kenosha-county,wi
la-crosse-county,wi
langlade-county,wi
lincoln-county,wi
manitowoc-county,wi
marathon-county,wi
marinette-county,wi
marquette-county,wi
milwaukee-county,wi
monroe-county,wi
oconto-county,wi
oneida-county,wi
outagamie-county,wi
ozaukee-county,wi
polk-county,wi
portage-county,wi
price-county,wi
racine-county,wi
rock-county,wi
saint-croix-county,wi
sauk-county,wi
sawyer-county,wi
sheboygan-county,wi
vilas-county,wi
walworth-county,wi
washburn-county,wi
washington-county,wi
waukesha-county,wi
waupaca-county,wi
winnebago-county,wi
wood-county,wi
albany-county,wy
big-horn-county,wy
campbell-county,wy
carbon-county,wy
converse-county,wy
crook-county,wy
fremont-county,wy
goshen-county,wy
hot-springs-county,wy
johnson-county,wy
laramie-county,wy
lincoln-county,wy
natrona-county,wy
niobrara-county,wy
park-county,wy
platte-county,wy
sheridan-county,wy
sublette-county,wy
sweetwater-county,wy
teton-county,wy
uinta-county,wy
washakie-county,wy
weston-county,wy
