cook-county,il
el-paso-county,tx
richmond-county,ny
kings-county,ny
los-angeles-county,ca
virginia-beach-city-county,va
miami-dade-county,fl
lake-county,oh
contra-costa-county,ca
santa-cruz-county,ca
san-bernardino-county,ca
lorain-county,oh
riverside-county,ca
montgomery-county,md
philadelphia-county,pa
san-diego-county,ca
saint-charles-county,mo
solano-county,ca
westmoreland-county,pa
baltimore-county,md
wayne-county,mi
cuyahoga-county,oh
anne-arundel-county,md
medina-county,oh
lake-county,il
davidson-county,tn
cameron-county,tx
alameda-county,ca
clark-county,nv
macomb-county,mi
fairfield-county,oh
kings-county,ca
orange-county,ca
suffolk-county,ny
bucks-county,pa
new-castle-county,de
saline-county,ks
ross-county,oh
washtenaw-county,mi
lancaster-county,pa
lake-county,in
queens-county,ny
washington-county,md
san-mateo-county,ca
licking-county,oh
franklin-county,oh
tulare-county,ca
muskingum-county,oh
kern-county,ca
broward-county,fl
franklin-county,ky
san-joaquin-county,ca
chesapeake-city-county,va
bernalillo-county,nm
richmond-county,ga
douglas-county,ga
cabarrus-county,nc
orange-county,ny
york-county,pa
fresno-county,ca
monroe-county,fl
marion-county,oh
montgomery-county,tn
sacramento-county,ca
la-porte-county,in
montgomery-county,pa
twin-falls-county,id
york-county,sc
nassau-county,ny
monterey-county,ca
erie-county,ny
muscogee-county,ga
baltimore-city-county,md
dorchester-county,sc
wayne-county,in
denver-county,co
bay-county,mi
washington-county,pa
prince-georges-county,md
genesee-county,mi
pima-county,az
fairfax-county,va
lycoming-county,pa
chautauqua-county,ny
burke-county,nc
saint-clair-county,mi
santa-clara-county,ca
tazewell-county,il
saint-louis-county,mo
bronx-county,ny
yellowstone-county,mt
chester-county,pa
gwinnett-county,ga
allegheny-county,pa
prince-william-county,va
monroe-county,ny
hampton-city-county,va
stark-county,oh
dutchess-county,ny
hardin-county,ky
berkeley-county,sc
niagara-county,ny
cumberland-county,nc
johnson-county,in
harris-county,tx
seminole-county,fl
yuma-county,az
washington-county,or
duval-county,fl
travis-county,tx
wake-county,nc
dallas-county,tx
marion-county,in
onslow-county,nc
westchester-county,ny
porter-county,in
lehigh-county,pa
clackamas-county,or
webb-county,tx
saint-lucie-county,fl
allegany-county,md
galveston-county,tx
rock-island-county,il
whitfield-county,ga
craighead-county,ar
district-of-columbia-county,dc
ramsey-county,mn
cass-county,nd
jackson-county,mi
orange-county,fl
houston-county,ga
comanche-county,ok
williamson-county,tx
hancock-county,oh
milwaukee-county,wi
ashtabula-county,oh
hamilton-county,oh
boone-county,ky
lawrence-county,pa
butler-county,pa
franklin-county,wa
du-page-county,il
mchenry-county,il
hidalgo-county,tx
ventura-county,ca
madison-county,il
will-county,il
broome-county,ny
harrison-county,ms
spotsylvania-county,va
spokane-county,wa
kane-county,il
jefferson-county,la
san-benito-county,ca
muskegon-county,mi
durham-county,nc
maricopa-county,az
snohomish-county,wa
howard-county,md
davidson-county,nc
pennington-county,sd
linn-county,ia
buncombe-county,nc
fayette-county,pa
greene-county,oh
hamilton-county,tn
butler-county,oh
cobb-county,ga
daviess-county,ky
lexington-county,sc
madison-county,tn
anoka-county,mn
la-crosse-county,wi
ingham-county,mi
arapahoe-county,co
howard-county,in
fort-bend-county,tx
placer-county,ca
walla-walla-county,wa
santa-barbara-county,ca
san-francisco-county,ca
vermilion-county,il
lenawee-county,mi
imperial-county,ca
king-county,wa
delaware-county,pa
montgomery-county,oh
hillsborough-county,fl
sandoval-county,nm
union-county,nc
summit-county,oh
sheboygan-county,wi
pasco-county,fl
pierce-county,wa
greene-county,mo
guilford-county,nc
sumner-county,tn
rockingham-county,nc
johnson-county,ks
cochise-county,az
richland-county,sc
shasta-county,ca
sangamon-county,il
sullivan-county,tn
clay-county,mo
bay-county,fl
harford-county,md
chatham-county,ga
cecil-county,md
northampton-county,pa
fairfax-city-county,va
scott-county,ky
curry-county,nm
kankakee-county,il
flathead-county,mt
luzerne-county,pa
adams-county,co
rockland-county,ny
elkhart-county,in
floyd-county,in
newton-county,ga
pinellas-county,fl
racine-county,wi
loudoun-county,va
weber-county,ut
saginaw-county,mi
catawba-county,nc
yakima-county,wa
houston-county,al
alexandria-city-county,va
nez-perce-county,id
cayuga-county,ny
merced-county,ca
knox-county,tn
palm-beach-county,fl
lake-county,fl
erie-county,oh
dubuque-county,ia
polk-county,fl
columbia-county,ga
stanislaus-county,ca
lancaster-county,sc
richmond-city-county,va
davis-county,ut
iredell-county,nc
newport-news-city-county,va
shelby-county,tn
minnehaha-county,sd
dakota-county,mn
mclean-county,il
yavapai-county,az
lebanon-county,pa
clark-county,oh
mecklenburg-county,nc
laramie-county,wy
cole-county,mo
ada-county,id
san-juan-county,nm
volusia-county,fl
danville-city-county,va
weld-county,co
salt-lake-county,ut
jefferson-county,ky
wicomico-county,md
brevard-county,fl
saratoga-county,ny
pitt-county,nc
henderson-county,ky
hernando-county,fl
clay-county,fl
jefferson-county,ny
fulton-county,ga
ohio-county,wv
sumter-county,fl
collin-county,tx
jefferson-county,co
clark-county,wa
greenville-county,sc
sonoma-county,ca
wayne-county,oh
santa-fe-county,nm
martinsville-city-county,va
horry-county,sc
el-paso-county,co
olmsted-county,mn
island-county,wa
clark-county,in
eau-claire-county,wi
marion-county,or
petersburg-city-county,va
frederick-county,md
midland-county,mi
cumberland-county,pa
grand-forks-county,nd
blair-county,pa
knox-county,il
okaloosa-county,fl
jackson-county,or
bartholomew-county,in
larimer-county,co
alamance-county,nc
chesterfield-county,va
delaware-county,oh
dauphin-county,pa
oakland-county,mi
beaver-county,pa
chaves-county,nm
manassas-city-county,va
garland-county,ar
clinton-county,ny
forsyth-county,nc
boone-county,il
butte-county,ca
ward-county,nd
arlington-county,va
floyd-county,ga
bexar-county,tx
cape-girardeau-county,mo
salem-county,va
tippecanoe-county,in
indiana-county,pa
linn-county,or
jackson-county,mo
pottawattamie-county,ia
tompkins-county,ny
rutherford-county,tn
bell-county,tx
macon-county,il
cass-county,in
kenosha-county,wi
monroe-county,in
cascade-county,mt
rensselaer-county,ny
pueblo-county,co
sedgwick-county,ks
boone-county,mo
cowlitz-county,wa
albemarle-county,va
broomfield-county,co
wayne-county,nc
brazoria-county,tx
brown-county,wi
kent-county,mi
catoosa-county,ga
walton-county,ga
surry-county,nc
warren-county,ky
mahoning-county,oh
gordon-county,ga
stephenson-county,il
tarrant-county,tx
dane-county,wi
carroll-county,md
polk-county,ia
adams-county,il
lucas-county,oh
chippewa-county,wi
silver-bow-county,mt
clay-county,mn
jefferson-county,il
pinal-county,az
winnebago-county,il
cherokee-county,ga
fond-du-lac-county,wi
onondaga-county,ny
miami-county,in
clermont-county,oh
bowie-county,tx
kenton-county,ky
florence-county,sc
escambia-county,fl
wood-county,wv
rock-county,wi
denton-county,tx
san-luis-obispo-county,ca
webster-county,ia
mobile-county,al
el-dorado-county,ca
marshall-county,ia
kent-county,de
monroe-county,mi
bartow-county,ga
lynchburg-city-county,va
dekalb-county,ga
sutter-county,ca
warren-county,ny
aiken-county,sc
montgomery-county,tx
monroe-county,pa
manatee-county,fl
lawrence-county,in
tuscaloosa-county,al
cerro-gordo-county,ia
kanawha-county,wv
warren-county,va
hamblen-county,tn
bonneville-county,id
albany-county,ny
putnam-county,ny
williamson-county,tn
santa-rosa-county,fl
osceola-county,fl
deschutes-county,or
vanderburgh-county,in
henry-county,ga
henrico-county,va
martin-county,fl
washington-county,ut
barren-county,ky
bannock-county,id
macon-county,nc
suffolk-city-county,va
clark-county,ky
finney-county,ks
roanoke-county,va
marion-county,wv
huntington-county,in
schenectady-county,ny
baldwin-county,ga
miami-county,oh
warren-county,oh
muskogee-county,ok
norfolk-city-county,va
shawnee-county,ks
mohave-county,az
paulding-county,ga
riley-county,ks
charleston-county,sc
burleigh-county,nd
washington-county,tn
tulsa-county,ok
washington-county,ar
kootenai-county,id
waukesha-county,wi
sandusky-county,oh
collier-county,fl
vigo-county,in
napa-county,ca
coconino-county,az
erie-county,pa
charlotte-county,fl
douglas-county,wi
sumter-county,sc
montgomery-county,al
trumbull-county,oh
blue-earth-county,mn
utah-county,ut
union-county,oh
thurston-county,wa
oneida-county,ny
washington-county,oh
black-hawk-county,ia
raleigh-county,wv
walker-county,ga
lonoke-county,ar
multnomah-county,or
ulster-county,ny
franklin-county,pa
benton-county,wa
lee-county,nc
stafford-county,va
nevada-county,ca
montgomery-county,va
christian-county,ky
calhoun-county,mi
peoria-county,il
douglas-county,co
kalamazoo-county,mi
ascension-county,la
humboldt-county,ca
anderson-county,sc
sarasota-county,fl
columbia-county,pa
winnebago-county,wi
berks-county,pa
blount-county,tn
isabella-county,mi
defiance-county,oh
hancock-county,in
garfield-county,ok
wilson-county,tn
new-hanover-county,nc
putnam-county,tn
iberia-county,la
hall-county,ne
portage-county,oh
clayton-county,ga
lapeer-county,mi
mccracken-county,ky
marin-county,ca
anderson-county,tn
jefferson-county,al
woodbury-county,ia
sheridan-county,wy
washoe-county,nv
warrick-county,in
whatcom-county,wa
woodford-county,ky
hancock-county,wv
randolph-county,nc
lubbock-county,tx
williamson-county,il
taylor-county,tx
hamilton-county,in
saint-clair-county,il
eaton-county,mi
washington-county,mn
clearfield-county,pa
huron-county,oh
benton-county,or
fayette-county,ky
lewis-county,wa
orangeburg-county,sc
saint-johns-county,fl
bossier-county,la
murray-county,ga
brown-county,sd
calcasieu-county,la
bradley-county,tn
douglas-county,or
jefferson-county,mo
livingston-county,la
klamath-county,or
pickens-county,sc
pulaski-county,ar
crawford-county,pa
allen-county,in
monongalia-county,wv
scioto-county,oh
jessamine-county,ky
johnson-county,tx
forsyth-county,ga
gaston-county,nc
grand-traverse-county,mi
flagler-county,fl
scott-county,ia
terrebonne-county,la
livingston-county,mi
colonial-heights-city-county,va
harrison-county,wv
knox-county,oh
washington-county,ok
sweetwater-county,wy
marion-county,fl
alpena-county,mi
waynesboro-city-county,va
lauderdale-county,al
maury-county,tn
hendricks-county,in
hoke-county,nc
roanoke-city-county,va
butler-county,mo
jackson-county,ms
dona-ana-county,nm
adams-county,ne
james-city-county,va
oswego-county,ny
scott-county,mn
nassau-county,fl
rapides-county,la
winona-county,mn
canadian-county,ok
reno-county,ks
saint-tammany-county,la
st-joseph-county,in
carroll-county,ga
mesa-county,co
alachua-county,fl
lee-county,fl
saint-louis-city-county,mo
des-moines-county,ia
randall-county,tx
leavenworth-county,ks
guernsey-county,oh
cleveland-county,ok
madison-county,al
coryell-county,tx
pettis-county,mo
robeson-county,nc
cleveland-county,nc
darke-county,oh
columbiana-county,oh
shelby-county,oh
lafourche-county,la
outagamie-county,wi
genesee-county,ny
eddy-county,nm
ector-county,tx
hopewell-city-county,va
charles-county,md
natrona-county,wy
hall-county,ga
otero-county,nm
lea-county,nm
adams-county,ms
berrien-county,mi
miller-county,ar
caldwell-county,nc
johnson-county,ia
jasper-county,mo
glynn-county,ga
pulaski-county,ky
centre-county,pa
kendall-county,il
seneca-county,oh
charlottesville-city-county,va
tuscarawas-county,oh
hanover-county,va
forrest-county,ms
valencia-county,nm
dougherty-county,ga
clinton-county,mi
la-salle-county,il
jefferson-county,ar
chelan-county,wa
angelina-county,tx
lafayette-county,la
frederick-county,va
east-baton-rouge-county,la
skagit-county,wa
nueces-county,tx
delaware-county,in
bullitt-county,ky
highland-county,oh
leon-county,fl
barry-county,mi
hennepin-county,mn
lancaster-county,ne
canyon-county,id
st-john-the-baptist-county,la
whitley-county,ky
chemung-county,ny
highlands-county,fl
lane-county,or
mifflin-county,pa
oklahoma-county,ok
nash-county,nc
winchester-city-county,va
dickson-county,tn
victoria-county,tx
orleans-county,la
yuba-county,ca
cortland-county,ny
sussex-county,de
coles-county,il
morgan-county,al
lackawanna-county,pa
brunswick-county,nc
morton-county,nd
sevier-county,tn
fayette-county,ga
venango-county,pa
uintah-county,ut
johnston-county,nc
greene-county,tn
ottawa-county,mi
putnam-county,fl
ouachita-county,la
marshall-county,in
indian-river-county,fl
henderson-county,nc
marathon-county,wi
tangipahoa-county,la
rowan-county,nc
douglas-county,ne
new-york-county,ny
allen-county,oh
bulloch-county,ga
luna-county,nm
saint-louis-county,mn
fremont-county,wy
saint-joseph-county,mi
mcminn-county,tn
elko-county,nv
limestone-county,al
tom-green-county,tx
schuylkill-county,pa
coos-county,or
washington-county,wi
warren-county,pa
chippewa-county,mi
wasco-county,or
missoula-county,mt
kitsap-county,wa
madison-county,oh
brazos-county,tx
montgomery-county,ny
putnam-county,wv
mercer-county,pa
carter-county,tn
douglas-county,wa
shelby-county,al
boulder-county,co
madison-county,ky
cabell-county,wv
richland-county,oh
lee-county,ga
campbell-county,wy
lowndes-county,ga
champaign-county,il
sherburne-county,mn
wapello-county,ia
lee-county,al
geauga-county,oh
jefferson-county,tx
fayette-county,in
portage-county,wi
lincoln-county,nc
wood-county,oh
clarke-county,ga
portsmouth-city-county,va
desoto-county,ms
ontario-county,ny
dunn-county,wi
lowndes-county,ms
tooele-county,ut
geary-county,ks
bibb-county,ga
camden-county,ga
kosciusko-county,in
grant-county,wa
haywood-county,nc
santa-cruz-county,az
hopkins-county,ky
liberty-county,ga
smith-county,tx
effingham-county,il
grant-county,in
christian-county,mo
adams-county,pa
morgan-county,in
carteret-county,nc
platte-county,mo
craven-county,nc
fulton-county,il
pottawatomie-county,ok
adams-county,in
cattaraugus-county,ny
otsego-county,mi
mercer-county,wv
grays-harbor-county,wa
pasquotank-county,nc
madison-county,id
stearns-county,mn
greenwood-county,sc
greene-county,ar
manistee-county,mi
mcdowell-county,nc
madera-county,ca
gregg-county,tx
beltrami-county,mn
caddo-county,la
etowah-county,al
jefferson-county,oh
comal-county,tx
alcorn-county,ms
campbell-county,ky
boyd-county,ky
coffee-county,tn
davie-county,nc
powhatan-county,va
madison-county,in
midland-county,tx
waupaca-county,wi
guadalupe-county,tx
tift-county,ga
cambria-county,pa
carbon-county,pa
cheboygan-county,mi
clinton-county,pa
douglas-county,mn
henry-county,in
phelps-county,mo
yolo-county,ca
whiteside-county,il
montour-county,pa
saint-lawrence-county,ny
shelby-county,in
whitley-county,in
taney-county,mo
staunton-city-county,va
montgomery-county,in
dubois-county,in
buchanan-county,mo
wagoner-county,ok
lamar-county,tx
davison-county,sd
carter-county,ky
tehama-county,ca
saint-marys-county,md
washington-county,ms
wyandotte-county,ks
monroe-county,tn
mason-county,wa
inyo-county,ca
marion-county,il
orange-county,nc
yankton-county,sd
rockdale-county,ga
russell-county,ky
lewis-and-clark-county,mt
sauk-county,wi
transylvania-county,nc
talladega-county,al
lenoir-county,nc
citrus-county,fl
armstrong-county,pa
dearborn-county,in
steuben-county,ny
russell-county,al
montcalm-county,mi
ravalli-county,mt
spartanburg-county,sc
berkeley-county,wv
preble-county,oh
ashland-county,oh
shawano-county,wi
asotin-county,wa
anderson-county,ky
champaign-county,oh
stark-county,nd
jefferson-county,wi
georgetown-county,sc
northumberland-county,pa
bedford-county,va
laurens-county,ga
alexander-county,nc
shelby-county,ky
cumberland-county,tn
cache-county,ut
pickaway-county,oh
culpeper-county,va
polk-county,or
kaufman-county,tx
marshall-county,al
barrow-county,ga
white-county,tn
belmont-county,oh
brown-county,mn
carver-county,mn
bristol-city-county,va
autauga-county,al
mower-county,mn
gallatin-county,mt
kershaw-county,sc
colbert-county,al
washington-county,va
stutsman-county,nd
york-county,va
peach-county,ga
worcester-county,md
queen-annes-county,md
otter-tail-county,mn
menominee-county,mi
ford-county,ks
emmet-county,mi
auglaize-county,oh
hot-spring-county,ar
rice-county,mn
covington-city-county,va
washington-county,ny
coweta-county,ga
josephine-county,or
mercer-county,oh
becker-county,mn
crawford-county,ar
hinds-county,ms
pike-county,ky
harvey-county,ks
calhoun-county,al
morgan-county,il
manitowoc-county,wi
beadle-county,sd
douglas-county,ks
oconee-county,sc
lawrence-county,sd
wayne-county,ga
umatilla-county,or
bingham-county,id
calvert-county,md
mclennan-county,tx
tuolumne-county,ca
coffee-county,al
delta-county,mi
hocking-county,oh
randolph-county,wv
marinette-county,wi
malheur-county,or
bryan-county,ga
laurel-county,ky
mcdonough-county,il
lake-county,ca
gallia-county,oh
muscatine-county,ia
starr-county,tx
nolan-county,tx
clallam-county,wa
hardin-county,oh
dodge-county,ne
park-county,wy
lauderdale-county,ms
itasca-county,mn
livingston-county,il
ogemaw-county,mi
hays-county,tx
clinton-county,in
branch-county,mi
jerome-county,id
platte-county,ne
sarpy-county,ne
edgecombe-county,nc
dare-county,nc
shiawassee-county,mi
koochiching-county,mn
kandiyohi-county,mn
elmore-county,id
columbia-county,wi
nelson-county,ky
monroe-county,il
ellis-county,tx
bedford-county,tn
wayne-county,pa
king-george-county,va
isle-of-wight-county,va
oktibbeha-county,ms
fayette-county,oh
jackson-county,in
fauquier-county,va
crawford-county,mi
hughes-county,sd
fluvanna-county,va
liberty-county,tx
maverick-county,tx
kittitas-county,wa
darlington-county,sc
potter-county,tx
boone-county,ar
upshur-county,wv
yamhill-county,or
elk-county,pa
talbot-county,md
gladwin-county,mi
hill-county,mt
carbon-county,ut
crawford-county,oh
de-kalb-county,al
grundy-county,il
albany-county,wy
lincoln-county,sd
sebastian-county,ar
lincoln-county,mo
iosco-county,mi
watauga-county,nc
cullman-county,al
mason-county,ky
franklin-county,nc
fremont-county,co
dekalb-county,il
stephens-county,ok
hale-county,tx
mckean-county,pa
polk-county,ga
jefferson-county,pa
taylor-county,wi
val-verde-county,tx
wythe-county,va
kendall-county,tx
mendocino-county,ca
robertson-county,tn
navajo-county,az
saint-landry-county,la
pearl-river-county,ms
beaufort-county,sc
chester-county,sc
grayson-county,tx
allegany-county,ny
barron-county,wi
de-soto-county,fl
wakulla-county,fl
franklin-county,il
franklin-county,ny
coshocton-county,oh
beaufort-county,nc
pope-county,ar
lee-county,ms
ramsey-county,nd
boone-county,in
george-county,ms
pennington-county,mn
howard-county,tx
pike-county,pa
de-kalb-county,in
williams-county,nd
creek-county,ok
floyd-county,ia
amherst-county,va
marshall-county,ky
warren-county,tn
clay-county,in
warren-county,ia
monroe-county,wi
wood-county,wi
marion-county,mo
charlevoix-county,mi
jefferson-county,id
lincoln-county,ne
benton-county,ar
mineral-county,wv
barton-county,ks
saint-croix-county,wi
wabash-county,in
harnett-county,nc
henry-county,va
dakota-county,ne
coffee-county,ga
perry-county,mo
carroll-county,ia
halifax-county,nc
chambers-county,tx
buffalo-county,ne
lyon-county,ks
fredericksburg-city-county,va
hawkins-county,tn
pender-county,nc
scott-county,mo
story-county,ia
newton-county,mo
pike-county,ms
custer-county,ok
fulton-county,in
wilson-county,nc
graves-county,ky
granville-county,nc
glenn-county,ca
lyon-county,mn
snyder-county,pa
lee-county,il
jennings-county,in
mcpherson-county,ks
fulton-county,ny
bradford-county,pa
rhea-county,tn
loudon-county,tn
crittenden-county,ar
gratiot-county,mi
pontotoc-county,ok
colleton-county,sc
laclede-county,mo
dallas-county,al
churchill-county,nv
roane-county,tn
orange-county,tx
cassia-county,id
franklin-county,va
lawrence-county,oh
plaquemines-county,la
box-butte-county,ne
jefferson-county,wv
marshall-county,wv
wichita-county,tx
cherokee-county,ok
san-patricio-county,tx
stanly-county,nc
moffat-county,co
cass-county,mo
radford-county,va
mississippi-county,ar
decatur-county,in
scotts-bluff-county,ne
jackson-county,oh
oldham-county,ky
dickinson-county,mi
wayne-county,ky
franklin-county,mo
lafayette-county,ms
wayne-county,wv
bastrop-county,tx
huntingdon-county,pa
dawson-county,ga
jefferson-county,tn
pike-county,oh
hardin-county,tx
steele-county,mn
white-county,ga
benton-county,mn
calloway-county,ky
white-county,ar
bonner-county,id
clinton-county,oh
van-wert-county,oh
washington-county,la
ottawa-county,oh
johnson-county,mo
starke-county,in
clinton-county,ia
ozaukee-county,wi
saline-county,il
pittsburg-county,ok
beauregard-county,la
carlton-county,mn
boyle-county,ky
hamilton-county,ia
mecosta-county,mi
lumpkin-county,ga
teton-county,wy
rockwall-county,tx
dawson-county,mt
tuscola-county,mi
wright-county,mn
crook-county,or
putnam-county,ga
effingham-county,ga
allen-county,ky
dale-county,al
somerset-county,pa
falls-church-city-county,va
goodhue-county,mn
roscommon-county,mi
harrisonburg-city-county,va
okeechobee-county,fl
logan-county,il
cocke-county,tn
cherokee-county,al
lincoln-county,tn
grant-county,wi
nicollet-county,mn
jackson-county,al
union-county,ar
polk-county,tx
parker-county,tx
dodge-county,wi
callaway-county,mo
clark-county,ar
noble-county,in
jersey-county,il
baldwin-county,al
saint-clair-county,al
jim-wells-county,tx
lincoln-county,wi
madison-county,ne
pickens-county,ga
lincoln-county,ms
faulkner-county,ar
vance-county,nc
lawrence-county,tn
madison-county,ny
saint-francois-county,mo
wayne-county,ny
stokes-county,nc
fayette-county,wv
athens-county,oh
union-county,pa
hood-county,tx
hancock-county,ms
howell-county,mo
harrison-county,in
calaveras-county,ca
warren-county,ms
hood-river-county,or
saline-county,ar
cherokee-county,tx
bedford-county,pa
vermilion-county,la
saint-bernard-county,la
prince-george-county,va
clare-county,mi
barbour-county,al
independence-county,ar
jasper-county,in
adair-county,ky
baxter-county,ar
williams-county,oh
colfax-county,nm
henderson-county,tn
jackson-county,ok
garrett-county,md
oconee-county,ga
los-alamos-county,nm
jackson-county,ga
aransas-county,tx
gloucester-county,va
taylor-county,fl
box-elder-county,ut
ogle-county,il
grant-county,nm
chattooga-county,ga
mcleod-county,mn
saint-mary-county,la
logan-county,oh
saint-charles-county,la
union-county,ga
white-county,in
ionia-county,mi
ouachita-county,ar
elmore-county,al
las-animas-county,co
caroline-county,va
codington-county,sd
montrose-county,co
gila-county,az
lee-county,ia
otsego-county,ny
seward-county,ks
yancey-county,nc
bolivar-county,ms
gillespie-county,tx
morgan-county,wv
lassen-county,ca
crawford-county,ks
lyon-county,nv
kent-county,md
clay-county,ms
saint-martin-county,la
woodford-county,il
smyth-county,va
massac-county,il
knox-county,in
carter-county,ok
greenbrier-county,wv
mcduffie-county,ga
ben-hill-county,ga
adams-county,wa
columbia-county,or
nye-county,nv
kossuth-county,ia
juneau-county,wi
yadkin-county,nc
allegan-county,mi
montgomery-county,ks
san-miguel-county,nm
spalding-county,ga
matagorda-county,tx
dorchester-county,md
pierce-county,wi
walworth-county,wi
mercer-county,ky
rowan-county,ky
wells-county,in
crow-wing-county,mn
henry-county,oh
montgomery-county,ky
posey-county,in
dallas-county,ia
cheatham-county,tn
plymouth-county,ia
chatham-county,nc
iron-county,ut
clarendon-county,sc
orange-county,va
vernon-county,la
cass-county,mi
herkimer-county,ny
morehouse-county,la
webster-county,mo
christian-county,il
del-norte-county,ca
beckham-county,ok
sampson-county,nc
tioga-county,ny
gray-county,tx
logan-county,ok
dent-county,mo
galax-city-county,va
ware-county,ga
wilson-county,tx
gogebic-county,mi
wexford-county,mi
rutherford-county,nc
laurens-county,sc
huron-county,mi
spencer-county,ky
kerr-county,tx
bradford-county,fl
orleans-county,ny
bourbon-county,ky
edgar-county,il
mcclain-county,ok
roosevelt-county,nm
perry-county,ky
poquoson-city-county,va
la-plata-county,co
columbia-county,ny
troup-county,ga
jefferson-county,in
rio-arriba-county,nm
polk-county,mn
madison-county,ms
stephens-county,ga
unicoi-county,tn
taylor-county,ky
hardee-county,fl
hillsdale-county,mi
payette-county,id
louisa-county,va
newberry-county,sc
dyer-county,tn
butler-county,ks
freeborn-county,mn
walker-county,al
kleberg-county,tx
columbia-county,fl
wise-county,va
haywood-county,tn
natchitoches-county,la
chambers-county,al
greene-county,pa
owen-county,in
warren-county,il
gibson-county,tn
jasper-county,ia
bell-county,ky
lawrence-county,al
ellis-county,ks
brooke-county,wv
fayette-county,ia
campbell-county,tn
wyoming-county,pa
lincoln-county,la
magoffin-county,ky
walker-county,tx
alamosa-county,co
erath-county,tx
neshoba-county,ms
cross-county,ar
langlade-county,wi
washington-county,in
wayne-county,ms
cherokee-county,nc
campbell-county,va
morrison-county,mn
titus-county,tx
webster-county,la
jones-county,ms
greene-county,va
clatsop-county,or
harrison-county,ky
kalkaska-county,mi
rankin-county,ms
woodward-county,ok
henry-county,tn
gage-county,ne
deaf-smith-county,tx
mason-county,wv
habersham-county,ga
carroll-county,oh
navarro-county,tx
brown-county,tx
meade-county,ky
marion-county,sc
mason-county,mi
steuben-county,in
wasatch-county,ut
burke-county,ga
perry-county,pa
buena-vista-county,ia
madison-county,nc
blount-county,al
audrain-county,mo
simpson-county,ky
lawrence-county,ky
jay-county,in
levy-county,fl
wayne-county,il
richland-county,il
ashley-county,ar
rogers-county,ok
minidoka-county,id
cowley-county,ks
jones-county,ga
scott-county,in
blackford-county,in
walton-county,fl
quay-county,nm
perry-county,oh
meade-county,sd
hockley-county,tx
polk-county,mo
tioga-county,pa
cherokee-county,ia
franklin-county,ks
colquitt-county,ga
gibson-county,in
columbus-county,nc
jefferson-davis-county,la
latah-county,id
acadia-county,la
randolph-county,ar
pulaski-county,va
hendry-county,fl
screven-county,ga
montgomery-county,ia
mckinley-county,nm
andrews-county,tx
bee-county,tx
washington-county,fl
putnam-county,in
moore-county,nc
morgan-county,co
clarion-county,pa
escambia-county,al
worth-county,ga
west-baton-rouge-county,la
early-county,ga
logan-county,co
grayson-county,ky
curry-county,or
tallapoosa-county,al
russell-county,va
calhoun-county,tx
carson-city-county,nv
warren-county,mo
abbeville-county,sc
cooke-county,tx
mille-lacs-county,mn
sequatchie-county,tn
gem-county,id
van-buren-county,mi
vernon-county,mo
marquette-county,mi
greenup-county,ky
archuleta-county,co
crawford-county,il
scotland-county,nc
person-county,nc
ashland-county,wi
franklin-county,in
garfield-county,co
lincoln-county,mt
pittsylvania-county,va
meeker-county,mn
marion-county,ms
livingston-county,ny
gilmer-county,ga
moore-county,tx
currituck-county,nc
shenandoah-county,va
cleburne-county,ar
union-county,tn
atchison-county,ks
sevier-county,ut
tazewell-county,va
green-county,wi
hopkins-county,tx
jefferson-county,wa
mariposa-county,ca
bureau-county,il
henry-county,il
putnam-county,oh
randolph-county,mo
mahaska-county,ia
converse-county,wy
butte-county,sd
okmulgee-county,ok
jackson-county,nc
oneida-county,wi
amador-county,ca
morrow-county,oh
chester-county,tn
drew-county,ar
martin-county,mn
pecos-county,tx
baker-county,or
fulton-county,oh
larue-county,ky
scurry-county,tx
seneca-county,ny
pontotoc-county,ms
dickinson-county,ks
grady-county,ok
calhoun-county,sc
suwannee-county,fl
delta-county,co
pierce-county,ga
otero-county,co
jefferson-county,or
sanilac-county,mi
sawyer-county,wi
gilchrist-county,fl
henry-county,al
halifax-county,va
stevens-county,wa
boone-county,ia
hempstead-county,ar
wilkes-county,nc
johnson-county,tn
bremer-county,ia
iberville-county,la
perry-county,in
union-county,or
richland-county,wi
jefferson-county,ia
lamar-county,ms
adair-county,mo
garrard-county,ky
cass-county,tx
monroe-county,ga
jackson-county,il
haralson-county,ga
teller-county,co
somerset-county,md
cherokee-county,sc
taylor-county,wv
montezuma-county,co
henry-county,mo
greene-county,in
polk-county,ar
dewitt-county,il
la-paz-county,az
meigs-county,tn
tipton-county,in
lawrence-county,mo
augusta-county,va
lexington-city-county,va
newaygo-county,mi
siskiyou-county,ca
brown-county,in
panola-county,tx
ottawa-county,ok
nodaway-county,mo
clarke-county,va
pottawatomie-county,ks
scott-county,va
butts-county,ga
isanti-county,mn
floyd-county,ky
logan-county,ky
wyandot-county,oh
franklin-county,tn
trigg-county,ky
franklin-county,al
chenango-county,ny
johnson-county,ky
bryan-county,ok
park-county,mt
prentiss-county,ms
fairfield-county,sc
casey-county,ky
yates-county,ny
johnson-county,ar
vermillion-county,in
nacogdoches-county,tx
atascosa-county,tx
door-county,wi
upson-county,ga
patrick-county,va
payne-county,ok
mayes-county,ok
appomattox-county,va
macoupin-county,il
uvalde-county,tx
hardin-county,tn
stoddard-county,mo
andrew-county,mo
ripley-county,in
whitman-county,wa
klickitat-county,wa
grenada-county,ms
claiborne-county,tn
hart-county,ga
greene-county,nc
dawson-county,ne
leflore-county,ms
amelia-county,va
duchesne-county,ut
rockingham-county,va
thomas-county,ga
buchanan-county,ia
franklin-city-county,va
caroline-county,md
washington-county,tx
burnet-county,tx
union-county,sc
mcintosh-county,ok
fayette-county,tn
daviess-county,in
jones-county,ia
sainte-genevieve-county,mo
palo-pinto-county,tx
stone-county,ar
grant-county,ky
brookings-county,sd
bleckley-county,ga
union-county,ms
evangeline-county,la
emanuel-county,ga
winneshiek-county,ia
poinsett-county,ar
botetourt-county,va
houston-county,mn
moultrie-county,il
marion-county,ia
harrison-county,tx
willacy-county,tx
dodge-county,ga
elbert-county,ga
avoyelles-county,la
fayette-county,al
martin-county,nc
tippah-county,ms
columbia-county,ar
lee-county,sc
labette-county,ks
stone-county,mo
kay-county,ok
clinton-county,mo
dillon-county,sc
tipton-county,tn
richland-county,nd
dawson-county,tx
lagrange-county,in
delaware-county,ia
lewis-county,wv
zapata-county,tx
brown-county,oh
henderson-county,tx
chisago-county,mn
seminole-county,ok
pratt-county,ks
walthall-county,ms
clay-county,ky
delaware-county,ok
cass-county,ne
young-county,tx
knox-county,ky
baker-county,fl
jackson-county,wv
wood-county,tx
cass-county,ia
hutchinson-county,tx
bledsoe-county,tn
prince-edward-county,va
richmond-county,nc
green-lake-county,wi
pulaski-county,mo
gadsden-county,fl
winston-county,al
marshall-county,tn
clark-county,il
overton-county,tn
susquehanna-county,pa
juniata-county,pa
texas-county,ok
lewis-county,ny
grant-county,ar
appling-county,ga
waseca-county,mn
randolph-county,al
carroll-county,in
geneva-county,al
dallam-county,tx
saline-county,mo
wise-county,tx
gaines-county,tx
gulf-county,fl
breathitt-county,ky
chesterfield-county,sc
holmes-county,oh
sullivan-county,ny
austin-county,tx
sullivan-county,in
cleburne-county,al
greensville-county,va
wyoming-county,ny
dade-county,ga
dekalb-county,tn
butler-county,ky
grainger-county,tn
chowan-county,nc
deer-lodge-county,mt
williamsburg-county,sc
fayette-county,il
floyd-county,va
washington-county,id
pulaski-county,in
stone-county,ms
clay-county,ia
jasper-county,sc
benton-county,tn
monroe-county,ms
terry-county,tx
toombs-county,ga
butler-county,al
limestone-county,tx
terrell-county,ga
mitchell-county,ia
lincoln-county,or
coahoma-county,ms
randolph-county,in
greene-county,ny
colusa-county,ca
carroll-county,va
perquimans-county,nc
clay-county,il
cook-county,ga
mitchell-county,nc
clinton-county,ky
barnwell-county,sc
moniteau-county,mo
nicholas-county,wv
fremont-county,id
sumner-county,ks
holmes-county,fl
saint-francis-county,ar
marlboro-county,sc
yazoo-county,ms
uinta-county,wy
jefferson-county,fl
duplin-county,nc
dunklin-county,mo
concordia-county,la
sequoyah-county,ok
upshur-county,tx
mono-county,ca
elbert-county,co
fentress-county,tn
lake-county,mt
washington-county,ga
lafayette-county,mo
humboldt-county,ia
alleghany-county,va
humboldt-county,nv
lincoln-county,ky
yell-county,ar
long-county,ga
mills-county,ia
neosho-county,ks
callahan-county,tx
white-county,il
shelby-county,il
jasper-county,tx
fayette-county,tx
washington-county,ne
richland-county,la
grant-county,ks
perry-county,il
summit-county,ut
delaware-county,ny
noble-county,oh
benton-county,ia
jo-daviess-county,il
muhlenberg-county,ky
marshall-county,ms
union-county,sd
candler-county,ga
montgomery-county,il
morgan-county,ut
marengo-county,al
harrison-county,oh
benton-county,mo
berrien-county,ga
hancock-county,ga
poweshiek-county,ia
lampasas-county,tx
cloud-county,ks
rush-county,in
buffalo-county,wi
gunnison-county,co
iowa-county,wi
johnson-county,wy
nobles-county,mn
emmet-county,ia
pulaski-county,ga
marquette-county,wi
chilton-county,al
charlton-county,ga
rock-county,mn
adams-county,oh
crisp-county,ga
crawford-county,ia
sumter-county,ga
pend-oreille-county,wa
schoharie-county,ny
evans-county,ga
hunt-county,tx
antrim-county,mi
van-zandt-county,tx
jackson-county,wi
hardeman-county,tn
franklin-county,la
washington-county,ia
jackson-county,ar
obion-county,tn
arenac-county,mi
apache-county,az
jones-county,nc
miami-county,ks
sunflower-county,ms
metcalfe-county,ky
westmoreland-county,va
estill-county,ky
little-river-county,ar
page-county,va
orange-county,in
clinton-county,il
park-county,co
washburn-county,wi
macon-county,al
greene-county,ga
dixie-county,fl
pike-county,il
wabash-county,il
jackson-county,fl
madison-county,fl
chippewa-county,mn
lewis-county,ky
hale-county,al
cibola-county,nm
randolph-county,il
fountain-county,in
henry-county,ia
menard-county,il
jeff-davis-county,ga
barry-county,mo
jackson-county,ia
fannin-county,tx
cooper-county,mo
morgan-county,ga
clay-county,sd
iroquois-county,il
hamilton-county,il
union-county,fl
norton-city-county,va
union-county,in
logan-county,wv
morgan-county,ky
dickenson-county,va
cass-county,il
barnes-county,nd
camden-county,mo
clay-county,nc
noxubee-county,ms
macon-county,tn
le-flore-county,ok
anson-county,nc
fleming-county,ky
union-county,il
sevier-county,ar
caldwell-county,ky
de-witt-county,tx
power-county,id
page-county,ia
buchanan-county,va
miller-county,mo
boundary-county,id
ripley-county,mo
simpson-county,ms
piatt-county,il
bradley-county,ar
ward-county,tx
swain-county,nc
wright-county,mo
giles-county,tn
anderson-county,tx
owen-county,ky
carroll-county,ar
bamberg-county,sc
hampshire-county,wv
bladen-county,nc
taos-county,nm
potter-county,pa
jasper-county,ga
lake-county,mn
jasper-county,il
okanogan-county,wa
saluda-county,sc
graham-county,az
chaffee-county,co
oconto-county,wi
covington-county,al
brooks-county,ga
tishomingo-county,ms
red-willow-county,ne
mccurtain-county,ok
crawford-county,wi
new-kent-county,va
madison-county,ga
rusk-county,tx
paulding-county,oh
harris-county,ga
caldwell-county,tx
itawamba-county,ms
richland-county,mt
hamilton-county,ne
wilbarger-county,tx
carbon-county,wy
marion-county,tn
houston-county,tx
chickasaw-county,ia
roane-county,wv
bacon-county,ga
sabine-county,la
gooding-county,id
lauderdale-county,tn
platte-county,wy
custer-county,sd
camp-county,tx
mitchell-county,ga
glacier-county,mt
fall-river-county,sd
jackson-county,tn
lincoln-county,ar
blaine-county,id
dodge-county,mn
wharton-county,tx
mecklenburg-county,va
wetzel-county,wv
wabasha-county,mn
pleasants-county,wv
routt-county,co
rockcastle-county,ky
vernon-county,wi
tattnall-county,ga
goshen-county,wy
ohio-county,ky
pacific-county,wa
madison-county,mo
grimes-county,tx
pike-county,al
bates-county,mo
buena-vista-city-county,va
osceola-county,mi
choctaw-county,ok
dallas-county,mo
thomas-county,ks
linn-county,mo
howard-county,ar
washington-county,il
polk-county,wi
benewah-county,id
martin-county,in
barbour-county,wv
jenkins-county,ga
appanoose-county,ia
medina-county,tx
lavaca-county,tx
missaukee-county,mi
walsh-county,nd
avery-county,nc
wilkinson-county,ga
marion-county,al
seward-county,ne
mason-county,il
panola-county,ms
bond-county,il
hickman-county,tn
essex-county,ny
dawes-county,ne
monroe-county,ky
franklin-county,ar
parke-county,in
preston-county,wv
fergus-county,mt
decatur-county,ga
ray-county,mo
clearwater-county,id
nowata-county,ok
calumet-county,wi
obrien-county,ia
kewaunee-county,wi
rio-grande-county,co
vinton-county,oh
union-county,ky
custer-county,mt
lake-county,sd
jackson-county,tx
bourbon-county,ks
cannon-county,tn
weston-county,wy
pawnee-county,ok
humphreys-county,tn
lawrence-county,ar
dickinson-county,ia
weakley-county,tn
cedar-county,mo
union-county,la
sioux-county,ia
king-william-county,va
winston-county,ms
fannin-county,ga
saline-county,ne
pickens-county,al
douglas-county,nv
watonwan-county,mn
reeves-county,tx
de-soto-county,la
franklin-county,ia
mccormick-county,sc
winnebago-county,ia
prowers-county,co
le-sueur-county,mn
oscoda-county,mi
mcnairy-county,tn
clarke-county,al
madison-county,ar
hertford-county,nc
carroll-county,tn
stewart-county,tn
meigs-county,oh
hubbard-county,mn
burleson-county,tx
letcher-county,ky
clarke-county,ms
seminole-county,ga
grant-county,wv
crittenden-county,ky
tillamook-county,or
arkansas-county,ar
lincoln-county,ok
spencer-county,in
essex-county,va
adair-county,ok
mcintosh-county,ga
waushara-county,wi
fulton-county,pa
green-county,ky
bailey-county,tx
marion-county,ky
cheyenne-county,ne
douglas-county,il
giles-county,va
west-feliciana-county,la
edgefield-county,sc
presque-isle-county,mi
schuyler-county,ny
attala-county,ms
winkler-county,tx
summers-county,wv
lee-county,va
socorro-county,nm
grady-county,ga
heard-county,ga
blanco-county,tx
charles-city-county,va
towns-county,ga
shelby-county,tx
perry-county,ms
franklin-county,id
caswell-county,nc
york-county,ne
wirt-county,wv
polk-county,tn
barton-county,mo
ashe-county,nc
monroe-county,wv
oceana-county,mi
cameron-county,pa
morgan-county,tn
ochiltree-county,tx
bollinger-county,mo
ford-county,il
pendleton-county,ky
madison-county,ia
grand-county,ut
torrance-county,nm
shelby-county,ia
crockett-county,tn
clay-county,ks
covington-county,ms
martin-county,ky
mitchell-county,tx
morgan-county,oh
wright-county,ia
trempealeau-county,wi
douglas-county,mo
mercer-county,il
elliott-county,ky
schuyler-county,il
saint-james-county,la
powell-county,ky
crawford-county,mo
wilkes-county,ga
bertie-county,nc
conway-county,ar
copiah-county,ms
lincoln-county,wv
cleveland-county,ar
osage-county,ok
lincoln-county,ga
brantley-county,ga
scott-county,ks
logan-county,ar
hardy-county,wv
hart-county,ky
montague-county,tx
jackson-county,ks
stephens-county,tx
phelps-county,ne
cedar-county,ia
trinity-county,tx
montmorency-county,mi
caddo-county,ok
la-salle-county,la
cumberland-county,ky
clarke-county,ia
haskell-county,ok
columbia-county,wa
frio-county,tx
buckingham-county,va
lamar-county,ga
craig-county,ok
lafayette-county,wi
phillips-county,ar
juab-county,ut
rice-county,ks
huerfano-county,co
rabun-county,ga
hancock-county,ia
hill-county,tx
leelanau-county,mi
monroe-county,oh
ohio-county,in
winn-county,la
union-county,ia
warren-county,nc
colfax-county,ne
washakie-county,wy
marion-county,tx
goochland-county,va
dinwiddie-county,va
monroe-county,al
cherokee-county,ks
lanier-county,ga
atkinson-county,ga
garvin-county,ok
otoe-county,ne
harlan-county,ky
grant-county,la
polk-county,nc
madison-county,va
beaverhead-county,mt
scott-county,tn
todd-county,ky
graham-county,nc
craig-county,va
jefferson-county,ms
idaho-county,id
price-county,wi
merrick-county,ne
yoakum-county,tx
claiborne-county,la
howard-county,ia
schoolcraft-county,mi
lemhi-county,id
west-carroll-county,la
tate-county,ms
greene-county,al
irwin-county,ga
red-river-county,tx
harrison-county,ia
allamakee-county,ia
howard-county,ne
bandera-county,tx
nottoway-county,va
turner-county,ga
hot-springs-county,wy
chickasaw-county,ms
todd-county,mn
johnson-county,il
freestone-county,tx
catahoula-county,la
tama-county,ia
houston-county,tn
franklin-county,ga
mountrail-county,nd
forest-county,pa
pipestone-county,mn
kanabec-county,mn
pike-county,in
hardin-county,ia
woods-county,ok
livingston-county,mo
hancock-county,ky
mclean-county,ky
desha-county,ar
lamb-county,tx
menominee-county,wi
lander-county,nv
edmonson-county,ky
hampton-county,sc
lucas-county,ia
florence-county,wi
bracken-county,ky
nelson-county,va
red-river-county,la
sussex-county,va
rolette-county,nd
nicholas-county,ky
washington-county,ky
lewis-county,tn
iowa-county,ia
aitkin-county,mn
allen-county,la
richmond-county,va
waller-county,tx
bottineau-county,nd
cumberland-county,il
osage-county,mo
sharp-county,ar
washington-county,mo
jefferson-county,ks
hancock-county,tn
pierce-county,nd
amite-county,ms
trousdale-county,tn
rusk-county,wi
banks-county,ga
wilkinson-county,ms
camden-county,nc
montgomery-county,nc
pondera-county,mt
clay-county,tx
goliad-county,tx
trinity-county,ca
lee-county,tx
jefferson-county,mt
decatur-county,tn
tyler-county,tx
iron-county,mi
washita-county,ok
redwood-county,mn
pawnee-county,ks
shannon-county,sd
smith-county,tn
musselshell-county,mt
clay-county,al
cotton-county,ok
clinch-county,ga
pine-county,mn
mackinac-county,mi
parmer-county,tx
sierra-county,nm
davis-county,ia
mingo-county,wv
accomack-county,va
big-horn-county,mt
warren-county,in
caldwell-county,la
lafayette-county,fl
lincoln-county,nm
kane-county,ut
scott-county,ms
wolfe-county,ky
northumberland-county,va
roseau-county,mn
monona-county,ia
mercer-county,nd
bosque-county,tx
wilkin-county,mn
sublette-county,wy
conecuh-county,al
greene-county,il
houghton-county,mi
macon-county,mo
lyon-county,ky
pepin-county,wi
bland-county,va
plumas-county,ca
jackson-county,la
cass-county,mn
gasconade-county,mo
stevens-county,ks
bullock-county,al
sullivan-county,pa
stillwater-county,mt
hancock-county,il
newton-county,ms
eastland-county,tx
cottonwood-county,mn
hughes-county,ok
leake-county,ms
pike-county,mo
alcona-county,mi
robertson-county,tx
gonzales-county,tx
washington-county,nc
kingman-county,ks
nevada-county,ar
brunswick-county,va
wayne-county,tn
calhoun-county,ia
pope-county,mn
carroll-county,ky
randolph-county,ga
morgan-county,mo
boone-county,wv
bibb-county,al
san-juan-county,wa
milam-county,tx
lawrence-county,il
cumberland-county,va
adams-county,wi
ritchie-county,wv
mckenzie-county,nd
jefferson-county,ga
miller-county,ga
benzie-county,mi
modoc-county,ca
lawrence-county,ms
saunders-county,ne
pushmataha-county,ok
johnson-county,ga
breckinridge-county,ky
greene-county,ia
fillmore-county,mn
marion-county,ga
marshall-county,ok
powell-county,mt
caribou-county,id
doddridge-county,wv
kingfisher-county,ok
mississippi-county,mo
macon-county,ga
kearney-county,ne
east-feliciana-county,la
calhoun-county,fl
ralls-county,mo
jones-county,tx
mitchell-county,ks
iron-county,wi
newton-county,in
crane-county,tx
dimmit-county,tx
okfuskee-county,ok
clearwater-county,mn
assumption-county,la
scott-county,ar
vilas-county,wi
bath-county,ky
benton-county,in
madison-county,tx
choctaw-county,al
monroe-county,ia
pike-county,ar
clark-county,wi
alleghany-county,nc
teton-county,id
chicot-county,ar
sabine-county,tx
lewis-county,id
lake-county,co
marshall-county,ks
wayne-county,ne
madison-county,la
faribault-county,mn
san-jacinto-county,tx
atoka-county,ok
pointe-coupee-county,la
perry-county,al
allen-county,ks
webster-county,ky
major-county,ok
lewis-county,mo
switzerland-county,in
owyhee-county,id
broadwater-county,mt
braxton-county,wv
meriwether-county,ga
scott-county,il
palo-alto-county,ia
hamilton-county,fl
monroe-county,mo
wayne-county,mo
san-augustine-county,tx
grundy-county,mo
coleman-county,tx
ottawa-county,ks
morris-county,ks
butler-county,ia
morris-county,tx
jackson-county,ky
garza-county,tx
tucker-county,wv
brown-county,il
pickett-county,tn
glades-county,fl
gallatin-county,ky
saint-helena-county,la
red-lake-county,mn
falls-county,tx
sumter-county,al
brown-county,ks
osage-county,ks
mclean-county,nd
mcdowell-county,wv
louisa-county,ia
yalobusha-county,ms
lincoln-county,wa
morrow-county,or
clark-county,mo
sherman-county,ks
noble-county,ok
runnels-county,tx
ellsworth-county,ks
millard-county,ut
lamar-county,al
carroll-county,il
treutlen-county,ga
dallas-county,ar
crook-county,wy
lancaster-county,va
jefferson-davis-county,ms
pocahontas-county,wv
custer-county,ne
blaine-county,mt
van-buren-county,tn
tillman-county,ok
talbot-county,ga
custer-county,co
lake-county,or
dewey-county,sd
grundy-county,ia
jackson-county,mn
murray-county,ok
audubon-county,ia
burnett-county,wi
brewster-county,tx
llano-county,tx
luce-county,mi
mccreary-county,ky
bayfield-county,wi
clay-county,tn
yellow-medicine-county,mn
ransom-county,nd
jefferson-county,ne
wyoming-county,wv
sutton-county,tx
zavala-county,tx
colorado-county,tx
sac-county,ia
lee-county,ar
swisher-county,tx
foster-county,nd
edwards-county,il
kearny-county,ks
mcdonald-county,mo
putnam-county,il
humphreys-county,ms
clay-county,ar
wells-county,nd
rio-blanco-county,co
russell-county,ks
big-horn-county,wy
cavalier-county,nd
henry-county,ky
comanche-county,tx
clayton-county,ia
texas-county,mo
surry-county,va
worth-county,ia
osceola-county,ia
howard-county,mo
lyon-county,ia
marion-county,ks
claiborne-county,ms
summit-county,co
moore-county,tn
trimble-county,ky
valley-county,id
stanley-county,sd
franklin-county,fl
eagle-county,co
jim-hogg-county,tx
kemper-county,ms
swift-county,mn
crawford-county,ga
bath-county,va
phillips-county,mt
marshall-county,il
hidalgo-county,nm
oneida-county,id
haskell-county,tx
marshall-county,mn
cedar-county,ne
latimer-county,ok
perry-county,tn
ida-county,ia
somervell-county,tx
wilson-county,ks
ballard-county,ky
leslie-county,ky
montgomery-county,mo
moody-county,sd
lee-county,ky
franklin-county,tx
smith-county,ms
greene-county,ms
taylor-county,ga
valley-county,ne
lincoln-county,id
la-salle-county,tx
southampton-county,va
white-pine-county,nv
delta-county,tx
carbon-county,mt
lake-county,mi
grayson-county,va
warren-county,ga
sibley-county,mn
castro-county,tx
chattahoochee-county,ga
liberty-county,fl
pope-county,il
kiowa-county,ok
sanpete-county,ut
pike-county,ga
northampton-county,va
toole-county,mt
rains-county,tx
wadena-county,mn
livingston-county,ky
doniphan-county,ks
carter-county,mo
murray-county,mn
coffey-county,ks
saint-clair-county,mo
gates-county,nc
cuming-county,ne
allendale-county,sc
carlisle-county,ky
duval-county,tx
oglethorpe-county,ga
crawford-county,in
montgomery-county,ar
floyd-county,tx
grant-county,sd
sanders-county,mt
tyler-county,wv
gilpin-county,co
fulton-county,ky
karnes-county,tx
bent-county,co
traill-county,nd
lincoln-county,wy
tripp-county,sd
anderson-county,ks
washington-county,al
garfield-county,wa
reagan-county,tx
jack-county,tx
pocahontas-county,ia
east-carroll-county,la
kimball-county,ne
roosevelt-county,mt
dooly-county,ga
lowndes-county,al
coosa-county,al
mcculloch-county,tx
owsley-county,ky
tyrrell-county,nc
norman-county,mn
teton-county,mt
stevens-county,mn
alexander-county,il
mchenry-county,nd
van-buren-county,ar
charlotte-county,va
cook-county,mn
keith-county,ne
roberts-county,sd
hutchinson-county,sd
shoshone-county,id
refugio-county,tx
henderson-county,il
lunenburg-county,va
monroe-county,ar
guadalupe-county,nm
spink-county,sd
richardson-county,ne
benson-county,nd
greenwood-county,ks
barber-county,ks
walworth-county,sd
live-oak-county,tx
twiggs-county,ga
hemphill-county,tx
martin-county,tx
webster-county,ms
new-madrid-county,mo
mahnomen-county,mn
carroll-county,mo
san-juan-county,ut
webster-county,wv
crockett-county,tx
emery-county,ut
nemaha-county,ne
hickman-county,ky
harrison-county,mo
butler-county,ne
mccook-county,sd
childress-county,tx
rosebud-county,mt
wilcox-county,al
pembina-county,nd
daviess-county,mo
wahkiakum-county,wa
harney-county,or
republic-county,ks
gilmer-county,wv
franklin-county,ms
edmunds-county,sd
marion-county,ar
valley-county,mt
bienville-county,la
yuma-county,co
leon-county,tx
gray-county,ks
keokuk-county,ia
hamilton-county,tx
brule-county,sd
love-county,ok
caldwell-county,mo
lynn-county,tx
todd-county,sd
pershing-county,nv
lincoln-county,ks
guthrie-county,ia
clay-county,wv
beaver-county,ut
baylor-county,tx
fisher-county,tx
nemaha-county,ks
eddy-county,nd
mineral-county,mt
renville-county,mn
boone-county,ne
schley-county,ga
calhoun-county,wv
knox-county,ne
maries-county,mo
pierce-county,ne
holt-county,ne
clear-creek-county,co
brooks-county,tx
pemiscot-county,mo
ferry-county,wa
montgomery-county,ms
sheridan-county,ne
emmons-county,nd
wabaunsee-county,ks
charles-mix-county,sd
lake-of-the-woods-county,mn
telfair-county,ga
crenshaw-county,al
putnam-county,mo
dekalb-county,mo
turner-county,sd
carson-county,tx
union-county,nm
dixon-county,ne
presidio-county,tx
oregon-county,mo
pitkin-county,co
grundy-county,tn
fulton-county,ar
ontonagon-county,mi
linn-county,ks
jasper-county,ms
morrill-county,ne
hansford-county,tx
calhoun-county,ga
bear-lake-county,id
nance-county,ne
shackelford-county,tx
dickey-county,nd
pamlico-county,nc
woodruff-county,ar
day-county,sd
northampton-county,nc
forest-county,wi
knott-county,ky
greenlee-county,az
cherry-county,ne
haskell-county,ks
baker-county,ga
middlesex-county,va
stark-county,il
taylor-county,ia
kit-carson-county,co
alfalfa-county,ok
fallon-county,mt
adams-county,ia
stafford-county,ks
chariton-county,mo
clay-county,ga
wallowa-county,or
sweet-grass-county,mt
perry-county,ar
schleicher-county,tx
garfield-county,ne
mineral-county,nv
dade-county,mo
reynolds-county,mo
iron-county,mo
quitman-county,ga
newton-county,tx
skamania-county,wa
archer-county,tx
wheeler-county,tx
towner-county,nd
clay-county,ne
tunica-county,ms
meade-county,ks
bennett-county,sd
calhoun-county,ms
harper-county,ks
blaine-county,ok
chautauqua-county,ks
bowman-county,nd
robertson-county,ky
adams-county,nd
norton-county,ks
hand-county,sd
baraga-county,mi
logan-county,ks
adair-county,ia
nuckolls-county,ne
holmes-county,ms
chouteau-county,mt
greer-county,ok
madison-county,mt
izard-county,ar
calhoun-county,ar
lincoln-county,mn
bon-homme-county,sd
hamilton-county,ks
sharkey-county,ms
crosby-county,tx
holt-county,mo
lafayette-county,ar
shelby-county,mo
scotland-county,mo
de-baca-county,nm
wayne-county,ia
gallatin-county,il
rockbridge-county,va
perkins-county,sd
conejos-county,co
coal-county,ok
sullivan-county,mo
benton-county,ms
pulaski-county,il
mills-county,tx
sherman-county,ne
stewart-county,ga
glascock-county,ga
phillips-county,co
marshall-county,sd
menifee-county,ky
fillmore-county,ne
prairie-county,ar
rappahannock-county,va
crowley-county,co
decatur-county,ia
johnson-county,ne
hardeman-county,tx
gentry-county,mo
hanson-county,sd
burt-county,ne
pendleton-county,wv
johnston-county,ok
sioux-county,nd
sanborn-county,sd
grand-county,co
thurston-county,ne
searcy-county,ar
lac-qui-parle-county,mn
kittson-county,mn
nelson-county,nd
atchison-county,mo
grant-county,ok
wichita-county,ks
washington-county,ks
san-saba-county,tx
woodson-county,ks
newton-county,ar
jefferson-county,ok
haakon-county,sd
hardin-county,il
griggs-county,nd
choctaw-county,ms
edwards-county,ks
jerauld-county,sd
custer-county,id
alger-county,mi
niobrara-county,wy
grant-county,or
aurora-county,sd
smith-county,ks
trego-county,ks
grant-county,mn
ouray-county,co
webster-county,ne
donley-county,tx
wilcox-county,ga
tallahatchie-county,ms
golden-valley-county,nd
oliver-county,nd
kingsbury-county,sd
gosper-county,ne
potter-county,sd
deuel-county,sd
cochran-county,tx
knox-county,mo
stanton-county,ks
phillips-county,ks
calhoun-county,il
miner-county,sd
upton-county,tx
hamilton-county,ny
washington-county,co
hickory-county,mo
carroll-county,ms
lincoln-county,co
king-and-queen-county,va
montgomery-county,ga
hettinger-county,nd
kimble-county,tx
san-miguel-county,co
ness-county,ks
lamoure-county,nd
thayer-county,ne
collingsworth-county,tx
van-buren-county,ia
gregory-county,sd
mathews-county,va
traverse-county,mn
dunn-county,nd
sargent-county,nd
ozark-county,mo
adams-county,id
mora-county,nm
morton-county,ks
mason-county,tx
wibaux-county,mt
meagher-county,mt
kidder-county,nd
sheridan-county,mt
greeley-county,ks
mcintosh-county,nd
renville-county,nd
roger-mills-county,ok
decatur-county,ks
hall-county,tx
stanton-county,ne
polk-county,ne
coke-county,tx
armstrong-county,tx
liberty-county,mt
furnas-county,ne
big-stone-county,mn
mccone-county,mt
dickens-county,tx
lake-county,tn
douglas-county,sd
franklin-county,ne
harmon-county,ok
harlan-county,ne
boise-county,id
dewey-county,ok
osborne-county,ks
hodgeman-county,ks
fremont-county,ia
wheeler-county,ga
kinney-county,tx
stonewall-county,tx
beaver-county,ok
butte-county,id
rooks-county,ks
divide-county,nd
lane-county,ks
granite-county,mt
ellis-county,ok
tensas-county,la
antelope-county,ne
gilliam-county,or
grant-county,nd
hyde-county,sd
baca-county,co
chase-county,ne
garfield-county,ut
harper-county,ok
shannon-county,mo
jewell-county,ks
webster-county,ga
sherman-county,tx
culberson-county,tx
sherman-county,or
kiowa-county,ks
irion-county,tx
cameron-county,la
logan-county,nd
williamsburg-city-county,va
mcpherson-county,sd
ringgold-county,ia
cheyenne-county,ks
costilla-county,co
rawlins-county,ks
jeff-davis-county,tx
quitman-county,ms
comanche-county,ks
burke-county,nd
dolores-county,co
knox-county,tx
eureka-county,nv
taliaferro-county,ga
worth-county,mo
clark-county,sd
mellette-county,sd
perkins-county,ne
sully-county,sd
menard-county,tx
hyde-county,nc
sedgwick-county,co
oldham-county,tx
corson-county,sd
jackson-county,sd
hitchcock-county,ne
deuel-county,ne
buffalo-county,sd
pawnee-county,ne
sierra-county,ca
hudspeth-county,tx
lyman-county,sd
faulk-county,sd
steele-county,nd
wheatland-county,mt
mercer-county,mo
brown-county,ne
cimarron-county,ok
greeley-county,ne
elk-county,ks
sterling-county,tx
judith-basin-county,mt
concho-county,tx
rush-county,ks
graham-county,ks
prairie-county,mt
gove-county,ks
real-county,tx
lincoln-county,nv
lipscomb-county,tx
chase-county,ks
echols-county,ga
dundy-county,ne
highland-county,va
schuyler-county,mo
clark-county,ks
ziebach-county,sd
cottle-county,tx
harding-county,sd
sheridan-county,ks
sheridan-county,nd
briscoe-county,tx
jackson-county,co
glasscock-county,tx
clark-county,id
terrell-county,tx
rock-county,ne
hamlin-county,sd
daniels-county,mt
kiowa-county,co
wallace-county,ks
frontier-county,ne
powder-river-county,mt
cheyenne-county,co
jones-county,sd
foard-county,tx
esmeralda-county,nv
wayne-county,ut
logan-county,ne
catron-county,nm
treasure-county,mt
golden-valley-county,mt
campbell-county,sd
camas-county,id
wheeler-county,or
roberts-county,tx
throckmorton-county,tx
mineral-county,co
daggett-county,ut
hinsdale-county,co
piute-county,ut
keweenaw-county,mi
storey-county,nv
manassas-park-city-county,va
edwards-county,tx
saguache-county,co
garden-county,ne
hartley-county,tx
hooker-county,ne
carter-county,mt
boyd-county,ne
banner-county,ne
kent-county,tx
grant-county,ne
alpine-county,ca
thomas-county,ne
billings-county,nd
rich-county,ut
mcmullen-county,tx
motley-county,tx
wheeler-county,ne
hayes-county,ne
sioux-county,ne
garfield-county,mt
keya-paha-county,ne
petroleum-county,mt
harding-county,nm
issaquena-county,ms
loup-county,ne
san-juan-county,co
mcpherson-county,ne
borden-county,tx
slope-county,nd
blaine-county,ne
arthur-county,ne
kenedy-county,tx
king-county,tx
honolulu-county,hi
-county,ap
hawaii-county,hi
loving-county,tx
anchorage-county,ak
maui-county,hi
kenai-peninsula-county,ak
fairbanks-north-star-county,ak
kauai-county,hi
-county,aa
matanuska-susitna-county,ak
kodiak-island-county,ak
north-slope-county,ak
wrangell-county,ak
juneau-county,ak
NA-county,NA
